"id","name","province_id","ubigeo_reniec","ubigeo_inei","created_at","updated_at"
"1","CHACHAPOYAS","101","010101","010101",,
"2","ASUNCION","101","010102","010102",,
"3","BALSAS","101","010103","010103",,
"4","CHETO","101","010104","010104",,
"5","CHILIQUIN","101","010105","010105",,
"6","CHUQUIBAMBA","101","010106","010106",,
"7","GRANADA","101","010107","010107",,
"8","HUANCAS","101","010108","010108",,
"9","LA JALCA","101","010109","010109",,
"10","LEIMEBAMBA","101","010110","010110",,
"11","LEVANTO","101","010111","010111",,
"12","MAGDALENA","101","010112","010112",,
"13","MARISCAL CASTILLA","101","010113","010113",,
"14","MOLINOPAMPA","101","010114","010114",,
"15","MONTEVIDEO","101","010115","010115",,
"16","OLLEROS","101","010116","010116",,
"17","QUINJALCA","101","010117","010117",,
"18","SAN FRANCISCO DE DAGUAS","101","010118","010118",,
"19","SAN ISIDRO DE MAINO","101","010119","010119",,
"20","SOLOCO","101","010120","010120",,
"21","SONCHE","101","010121","010121",,
"22","BAGUA","102","010205","010201",,
"23","ARAMANGO","102","010202","010202",,
"24","COPALLIN","102","010203","010203",,
"25","EL PARCO","102","010204","010204",,
"26","IMAZA","102","010206","010205",,
"27","LA PECA","102","010201","010206",,
"28","JUMBILLA","103","010301","010301",,
"29","CHISQUILLA","103","010304","010302",,
"30","CHURUJA","103","010305","010303",,
"31","COROSHA","103","010302","010304",,
"32","CUISPES","103","010303","010305",,
"33","FLORIDA","103","010306","010306",,
"34","JAZAN","103","010312","010307",,
"35","RECTA","103","010307","010308",,
"36","SAN CARLOS","103","010308","010309",,
"37","SHIPASBAMBA","103","010309","010310",,
"38","VALERA","103","010310","010311",,
"39","YAMBRASBAMBA","103","010311","010312",,
"40","NIEVA","104","010601","010401",,
"41","EL CENEPA","104","010603","010402",,
"42","RIO SANTIAGO","104","010602","010403",,
"43","LAMUD","105","010401","010501",,
"44","CAMPORREDONDO","105","010402","010502",,
"45","COCABAMBA","105","010403","010503",,
"46","COLCAMAR","105","010404","010504",,
"47","CONILA","105","010405","010505",,
"48","INGUILPATA","105","010406","010506",,
"49","LONGUITA","105","010407","010507",,
"50","LONYA CHICO","105","010408","010508",,
"51","LUYA","105","010409","010509",,
"52","LUYA VIEJO","105","010410","010510",,
"53","MARIA","105","010411","010511",,
"54","OCALLI","105","010412","010512",,
"55","OCUMAL","105","010413","010513",,
"56","PISUQUIA","105","010414","010514",,
"57","PROVIDENCIA","105","010423","010515",,
"58","SAN CRISTOBAL","105","010415","010516",,
"59","SAN FRANCISCO DEL YESO","105","010416","010517",,
"60","SAN JERONIMO","105","010417","010518",,
"61","SAN JUAN DE LOPECANCHA","105","010418","010519",,
"62","SANTA CATALINA","105","010419","010520",,
"63","SANTO TOMAS","105","010420","010521",,
"64","TINGO","105","010421","010522",,
"65","TRITA","105","010422","010523",,
"66","SAN NICOLAS","106","010501","010601",,
"67","CHIRIMOTO","106","010503","010602",,
"68","COCHAMAL","106","010502","010603",,
"69","HUAMBO","106","010504","010604",,
"70","LIMABAMBA","106","010505","010605",,
"71","LONGAR","106","010506","010606",,
"72","MARISCAL BENAVIDES","106","010508","010607",,
"73","MILPUC","106","010507","010608",,
"74","OMIA","106","010509","010609",,
"75","SANTA ROSA","106","010510","010610",,
"76","TOTORA","106","010511","010611",,
"77","VISTA ALEGRE","106","010512","010612",,
"78","BAGUA GRANDE","107","010701","010701",,
"79","CAJARURO","107","010702","010702",,
"80","CUMBA","107","010703","010703",,
"81","EL MILAGRO","107","010704","010704",,
"82","JAMALCA","107","010705","010705",,
"83","LONYA GRANDE","107","010706","010706",,
"84","YAMON","107","010707","010707",,
"85","HUARAZ","201","020101","020101",,
"86","COCHABAMBA","201","020103","020102",,
"87","COLCABAMBA","201","020104","020103",,
"88","HUANCHAY","201","020105","020104",,
"89","INDEPENDENCIA","201","020102","020105",,
"90","JANGAS","201","020106","020106",,
"91","LA LIBERTAD","201","020107","020107",,
"92","OLLEROS","201","020108","020108",,
"93","PAMPAS","201","020109","020109",,
"94","PARIACOTO","201","020110","020110",,
"95","PIRA","201","020111","020111",,
"96","TARICA","201","020112","020112",,
"97","AIJA","202","020201","020201",,
"98","CORIS","202","020203","020202",,
"99","HUACLLAN","202","020205","020203",,
"100","LA MERCED","202","020206","020204",,
"101","SUCCHA","202","020208","020205",,
"102","LLAMELLIN","203","021601","020301",,
"103","ACZO","203","021602","020302",,
"104","CHACCHO","203","021603","020303",,
"105","CHINGAS","203","021604","020304",,
"106","MIRGAS","203","021605","020305",,
"107","SAN JUAN DE RONTOY","203","021606","020306",,
"108","CHACAS","204","021801","020401",,
"109","ACOCHACA","204","021802","020402",,
"110","CHIQUIAN","205","020301","020501",,
"111","ABELARDO PARDO LEZAMETA","205","020302","020502",,
"112","ANTONIO RAYMONDI","205","020321","020503",,
"113","AQUIA","205","020304","020504",,
"114","CAJACAY","205","020305","020505",,
"115","CANIS","205","020322","020506",,
"116","COLQUIOC","205","020323","020507",,
"117","HUALLANCA","205","020325","020508",,
"118","HUASTA","205","020311","020509",,
"119","HUAYLLACAYAN","205","020310","020510",,
"120","LA PRIMAVERA","205","020324","020511",,
"121","MANGAS","205","020313","020512",,
"122","PACLLON","205","020315","020513",,
"123","SAN MIGUEL DE CORPANQUI","205","020317","020514",,
"124","TICLLOS","205","020320","020515",,
"125","CARHUAZ","206","020401","020601",,
"126","ACOPAMPA","206","020402","020602",,
"127","AMASHCA","206","020403","020603",,
"128","ANTA","206","020404","020604",,
"129","ATAQUERO","206","020405","020605",,
"130","MARCARA","206","020406","020606",,
"131","PARIAHUANCA","206","020407","020607",,
"132","SAN MIGUEL DE ACO","206","020408","020608",,
"133","SHILLA","206","020409","020609",,
"134","TINCO","206","020410","020610",,
"135","YUNGAR","206","020411","020611",,
"136","SAN LUIS","207","021701","020701",,
"137","SAN NICOLAS","207","021703","020702",,
"138","YAUYA","207","021702","020703",,
"139","CASMA","208","020501","020801",,
"140","BUENA VISTA ALTA","208","020502","020802",,
"141","COMANDANTE NOEL","208","020503","020803",,
"142","YAUTAN","208","020505","020804",,
"143","CORONGO","209","020601","020901",,
"144","ACO","209","020602","020902",,
"145","BAMBAS","209","020603","020903",,
"146","CUSCA","209","020604","020904",,
"147","LA PAMPA","209","020605","020905",,
"148","YANAC","209","020606","020906",,
"149","YUPAN","209","020607","020907",,
"150","HUARI","210","020801","021001",,
"151","ANRA","210","020816","021002",,
"152","CAJAY","210","020802","021003",,
"153","CHAVIN DE HUANTAR","210","020803","021004",,
"154","HUACACHI","210","020804","021005",,
"155","HUACCHIS","210","020806","021006",,
"156","HUACHIS","210","020805","021007",,
"157","HUANTAR","210","020807","021008",,
"158","MASIN","210","020808","021009",,
"159","PAUCAS","210","020809","021010",,
"160","PONTO","210","020810","021011",,
"161","RAHUAPAMPA","210","020811","021012",,
"162","RAPAYAN","210","020812","021013",,
"163","SAN MARCOS","210","020813","021014",,
"164","SAN PEDRO DE CHANA","210","020814","021015",,
"165","UCO","210","020815","021016",,
"166","HUARMEY","211","021901","021101",,
"167","COCHAPETI","211","021902","021102",,
"168","CULEBRAS","211","021905","021103",,
"169","HUAYAN","211","021903","021104",,
"170","MALVAS","211","021904","021105",,
"171","CARAZ","212","020701","021201",,
"172","HUALLANCA","212","020702","021202",,
"173","HUATA","212","020703","021203",,
"174","HUAYLAS","212","020704","021204",,
"175","MATO","212","020705","021205",,
"176","PAMPAROMAS","212","020706","021206",,
"177","PUEBLO LIBRE","212","020707","021207",,
"178","SANTA CRUZ","212","020708","021208",,
"179","SANTO TORIBIO","212","020710","021209",,
"180","YURACMARCA","212","020709","021210",,
"181","PISCOBAMBA","213","020901","021301",,
"182","CASCA","213","020902","021302",,
"183","ELEAZAR GUZMAN BARRON","213","020908","021303",,
"184","FIDEL OLIVAS ESCUDERO","213","020904","021304",,
"185","LLAMA","213","020905","021305",,
"186","LLUMPA","213","020906","021306",,
"187","LUCMA","213","020903","021307",,
"188","MUSGA","213","020907","021308",,
"189","OCROS","214","022007","021401",,
"190","ACAS","214","022001","021402",,
"191","CAJAMARQUILLA","214","022002","021403",,
"192","CARHUAPAMPA","214","022003","021404",,
"193","COCHAS","214","022004","021405",,
"194","CONGAS","214","022005","021406",,
"195","LLIPA","214","022006","021407",,
"196","SAN CRISTOBAL DE RAJAN","214","022008","021408",,
"197","SAN PEDRO","214","022009","021409",,
"198","SANTIAGO DE CHILCAS","214","022010","021410",,
"199","CABANA","215","021001","021501",,
"200","BOLOGNESI","215","021002","021502",,
"201","CONCHUCOS","215","021003","021503",,
"202","HUACASCHUQUE","215","021004","021504",,
"203","HUANDOVAL","215","021005","021505",,
"204","LACABAMBA","215","021006","021506",,
"205","LLAPO","215","021007","021507",,
"206","PALLASCA","215","021008","021508",,
"207","PAMPAS","215","021009","021509",,
"208","SANTA ROSA","215","021010","021510",,
"209","TAUCA","215","021011","021511",,
"210","POMABAMBA","216","021101","021601",,
"211","HUAYLLAN","216","021102","021602",,
"212","PAROBAMBA","216","021103","021603",,
"213","QUINUABAMBA","216","021104","021604",,
"214","RECUAY","217","021201","021701",,
"215","CATAC","217","021210","021702",,
"216","COTAPARACO","217","021202","021703",,
"217","HUAYLLAPAMPA","217","021203","021704",,
"218","LLACLLIN","217","021209","021705",,
"219","MARCA","217","021204","021706",,
"220","PAMPAS CHICO","217","021205","021707",,
"221","PARARIN","217","021206","021708",,
"222","TAPACOCHA","217","021207","021709",,
"223","TICAPAMPA","217","021208","021710",,
"224","CHIMBOTE","218","021301","021801",,
"225","CACERES DEL PERU","218","021302","021802",,
"226","COISHCO","218","021308","021803",,
"227","MACATE","218","021303","021804",,
"228","MORO","218","021304","021805",,
"229","NEPEÑA","218","021305","021806",,
"230","SAMANCO","218","021306","021807",,
"231","SANTA","218","021307","021808",,
"232","NUEVO CHIMBOTE","218","021309","021809",,
"233","SIHUAS","219","021401","021901",,
"234","ACOBAMBA","219","021407","021902",,
"235","ALFONSO UGARTE","219","021402","021903",,
"236","CASHAPAMPA","219","021408","021904",,
"237","CHINGALPO","219","021403","021905",,
"238","HUAYLLABAMBA","219","021404","021906",,
"239","QUICHES","219","021405","021907",,
"240","RAGASH","219","021409","021908",,
"241","SAN JUAN","219","021410","021909",,
"242","SICSIBAMBA","219","021406","021910",,
"243","YUNGAY","220","021501","022001",,
"244","CASCAPARA","220","021502","022002",,
"245","MANCOS","220","021503","022003",,
"246","MATACOTO","220","021504","022004",,
"247","QUILLO","220","021505","022005",,
"248","RANRAHIRCA","220","021506","022006",,
"249","SHUPLUY","220","021507","022007",,
"250","YANAMA","220","021508","022008",,
"251","ABANCAY","301","030101","030101",,
"252","CHACOCHE","301","030104","030102",,
"253","CIRCA","301","030102","030103",,
"254","CURAHUASI","301","030103","030104",,
"255","HUANIPACA","301","030105","030105",,
"256","LAMBRAMA","301","030106","030106",,
"257","PICHIRHUA","301","030107","030107",,
"258","SAN PEDRO DE CACHORA","301","030108","030108",,
"259","TAMBURCO","301","030109","030109",,
"260","ANDAHUAYLAS","302","030301","030201",,
"261","ANDARAPA","302","030302","030202",,
"262","CHIARA","302","030303","030203",,
"263","HUANCARAMA","302","030304","030204",,
"264","HUANCARAY","302","030305","030205",,
"265","HUAYANA","302","030317","030206",,
"266","KISHUARA","302","030306","030207",,
"267","PACOBAMBA","302","030307","030208",,
"268","PACUCHA","302","030313","030209",,
"269","PAMPACHIRI","302","030308","030210",,
"270","POMACOCHA","302","030314","030211",,
"271","SAN ANTONIO DE CACHI","302","030309","030212",,
"272","SAN JERONIMO","302","030310","030213",,
"273","SAN MIGUEL DE CHACCRAMPA","302","030318","030214",,
"274","SANTA MARIA DE CHICMO","302","030315","030215",,
"275","TALAVERA","302","030311","030216",,
"276","TUMAY HUARACA","302","030316","030217",,
"277","TURPO","302","030312","030218",,
"278","KAQUIABAMBA","302","030319","030219",,
"279","JOSE MARIA ARGUEDAS","302","030320","030220",,
"280","ANTABAMBA","303","030401","030301",,
"281","EL ORO","303","030402","030302",,
"282","HUAQUIRCA","303","030403","030303",,
"283","JUAN ESPINOZA MEDRANO","303","030404","030304",,
"284","OROPESA","303","030405","030305",,
"285","PACHACONAS","303","030406","030306",,
"286","SABAINO","303","030407","030307",,
"287","CHALHUANCA","304","030201","030401",,
"288","CAPAYA","304","030202","030402",,
"289","CARAYBAMBA","304","030203","030403",,
"290","CHAPIMARCA","304","030206","030404",,
"291","COLCABAMBA","304","030204","030405",,
"292","COTARUSE","304","030205","030406",,
"293","HUAYLLO","304","030207","030407",,
"294","JUSTO APU SAHUARAURA","304","030217","030408",,
"295","LUCRE","304","030208","030409",,
"296","POCOHUANCA","304","030209","030410",,
"297","SAN JUAN DE CHACÑA","304","030216","030411",,
"298","SAÑAYCA","304","030210","030412",,
"299","SORAYA","304","030211","030413",,
"300","TAPAIRIHUA","304","030212","030414",,
"301","TINTAY","304","030213","030415",,
"302","TORAYA","304","030214","030416",,
"303","YANACA","304","030215","030417",,
"304","TAMBOBAMBA","305","030501","030501",,
"305","COTABAMBAS","305","030503","030502",,
"306","COYLLURQUI","305","030502","030503",,
"307","HAQUIRA","305","030504","030504",,
"308","MARA","305","030505","030505",,
"309","CHALLHUAHUACHO","305","030506","030506",,
"310","CHINCHEROS","306","030701","030601",,
"311","ANCO-HUALLO","306","030705","030602",,
"312","COCHARCAS","306","030704","030603",,
"313","HUACCANA","306","030706","030604",,
"314","OCOBAMBA","306","030703","030605",,
"315","ONGOY","306","030702","030606",,
"316","URANMARCA","306","030707","030607",,
"317","RANRACANCHA","306","030708","030608",,
"318","ROCCHACC","306","030709","030609",,
"319","EL PORVENIR","306","030710","030610",,
"320","LOS CHANKAS","306","030711","030611",,
"321","CHUQUIBAMBILLA","307","030601","030701",,
"322","CURPAHUASI","307","030602","030702",,
"323","GAMARRA","307","030605","030703",,
"324","HUAYLLATI","307","030603","030704",,
"325","MAMARA","307","030604","030705",,
"326","MICAELA BASTIDAS","307","030606","030706",,
"327","PATAYPAMPA","307","030608","030707",,
"328","PROGRESO","307","030607","030708",,
"329","SAN ANTONIO","307","030609","030709",,
"330","SANTA ROSA","307","030613","030710",,
"331","TURPAY","307","030610","030711",,
"332","VILCABAMBA","307","030611","030712",,
"333","VIRUNDO","307","030612","030713",,
"334","CURASCO","307","030614","030714",,
"335","AREQUIPA","401","040101","040101",,
"336","ALTO SELVA ALEGRE","401","040128","040102",,
"337","CAYMA","401","040102","040103",,
"338","CERRO COLORADO","401","040103","040104",,
"339","CHARACATO","401","040104","040105",,
"340","CHIGUATA","401","040105","040106",,
"341","JACOBO HUNTER","401","040127","040107",,
"342","LA JOYA","401","040106","040108",,
"343","MARIANO MELGAR","401","040126","040109",,
"344","MIRAFLORES","401","040107","040110",,
"345","MOLLEBAYA","401","040108","040111",,
"346","PAUCARPATA","401","040109","040112",,
"347","POCSI","401","040110","040113",,
"348","POLOBAYA","401","040111","040114",,
"349","QUEQUEÑA","401","040112","040115",,
"350","SABANDIA","401","040113","040116",,
"351","SACHACA","401","040114","040117",,
"352","SAN JUAN DE SIGUAS","401","040115","040118",,
"353","SAN JUAN DE TARUCANI","401","040116","040119",,
"354","SANTA ISABEL DE SIGUAS","401","040117","040120",,
"355","SANTA RITA DE SIGUAS","401","040118","040121",,
"356","SOCABAYA","401","040119","040122",,
"357","TIABAYA","401","040120","040123",,
"358","UCHUMAYO","401","040121","040124",,
"359","VITOR","401","040122","040125",,
"360","YANAHUARA","401","040123","040126",,
"361","YARABAMBA","401","040124","040127",,
"362","YURA","401","040125","040128",,
"363","JOSE LUIS BUSTAMANTE Y RIVERO","401","040129","040129",,
"364","CAMANA","402","040301","040201",,
"365","JOSE MARIA QUIMPER","402","040302","040202",,
"366","MARIANO NICOLAS VALCARCEL","402","040303","040203",,
"367","MARISCAL CACERES","402","040304","040204",,
"368","NICOLAS DE PIEROLA","402","040305","040205",,
"369","OCOÑA","402","040306","040206",,
"370","QUILCA","402","040307","040207",,
"371","SAMUEL PASTOR","402","040308","040208",,
"372","CARAVELI","403","040401","040301",,
"373","ACARI","403","040402","040302",,
"374","ATICO","403","040403","040303",,
"375","ATIQUIPA","403","040404","040304",,
"376","BELLA UNION","403","040405","040305",,
"377","CAHUACHO","403","040406","040306",,
"378","CHALA","403","040407","040307",,
"379","CHAPARRA","403","040408","040308",,
"380","HUANUHUANU","403","040409","040309",,
"381","JAQUI","403","040410","040310",,
"382","LOMAS","403","040411","040311",,
"383","QUICACHA","403","040412","040312",,
"384","YAUCA","403","040413","040313",,
"385","APLAO","404","040501","040401",,
"386","ANDAGUA","404","040502","040402",,
"387","AYO","404","040503","040403",,
"388","CHACHAS","404","040504","040404",,
"389","CHILCAYMARCA","404","040505","040405",,
"390","CHOCO","404","040506","040406",,
"391","HUANCARQUI","404","040507","040407",,
"392","MACHAGUAY","404","040508","040408",,
"393","ORCOPAMPA","404","040509","040409",,
"394","PAMPACOLCA","404","040510","040410",,
"395","TIPAN","404","040511","040411",,
"396","UÑON","404","040513","040412",,
"397","URACA","404","040512","040413",,
"398","VIRACO","404","040514","040414",,
"399","CHIVAY","405","040201","040501",,
"400","ACHOMA","405","040202","040502",,
"401","CABANACONDE","405","040203","040503",,
"402","CALLALLI","405","040205","040504",,
"403","CAYLLOMA","405","040204","040505",,
"404","COPORAQUE","405","040206","040506",,
"405","HUAMBO","405","040207","040507",,
"406","HUANCA","405","040208","040508",,
"407","ICHUPAMPA","405","040209","040509",,
"408","LARI","405","040210","040510",,
"409","LLUTA","405","040211","040511",,
"410","MACA","405","040212","040512",,
"411","MADRIGAL","405","040213","040513",,
"412","SAN ANTONIO DE CHUCA","405","040214","040514",,
"413","SIBAYO","405","040215","040515",,
"414","TAPAY","405","040216","040516",,
"415","TISCO","405","040217","040517",,
"416","TUTI","405","040218","040518",,
"417","YANQUE","405","040219","040519",,
"418","MAJES","405","040220","040520",,
"419","CHUQUIBAMBA","406","040601","040601",,
"420","ANDARAY","406","040602","040602",,
"421","CAYARANI","406","040603","040603",,
"422","CHICHAS","406","040604","040604",,
"423","IRAY","406","040605","040605",,
"424","RIO GRANDE","406","040608","040606",,
"425","SALAMANCA","406","040606","040607",,
"426","YANAQUIHUA","406","040607","040608",,
"427","MOLLENDO","407","040701","040701",,
"428","COCACHACRA","407","040702","040702",,
"429","DEAN VALDIVIA","407","040703","040703",,
"430","ISLAY","407","040704","040704",,
"431","MEJIA","407","040705","040705",,
"432","PUNTA DE BOMBON","407","040706","040706",,
"433","COTAHUASI","408","040801","040801",,
"434","ALCA","408","040802","040802",,
"435","CHARCANA","408","040803","040803",,
"436","HUAYNACOTAS","408","040804","040804",,
"437","PAMPAMARCA","408","040805","040805",,
"438","PUYCA","408","040806","040806",,
"439","QUECHUALLA","408","040807","040807",,
"440","SAYLA","408","040808","040808",,
"441","TAURIA","408","040809","040809",,
"442","TOMEPAMPA","408","040810","040810",,
"443","TORO","408","040811","040811",,
"444","AYACUCHO","501","050101","050101",,
"445","ACOCRO","501","050111","050102",,
"446","ACOS VINCHOS","501","050102","050103",,
"447","CARMEN ALTO","501","050103","050104",,
"448","CHIARA","501","050104","050105",,
"449","OCROS","501","050113","050106",,
"450","PACAYCASA","501","050114","050107",,
"451","QUINUA","501","050105","050108",,
"452","SAN JOSE DE TICLLAS","501","050106","050109",,
"453","SAN JUAN BAUTISTA","501","050107","050110",,
"454","SANTIAGO DE PISCHA","501","050108","050111",,
"455","SOCOS","501","050112","050112",,
"456","TAMBILLO","501","050110","050113",,
"457","VINCHOS","501","050109","050114",,
"458","JESUS NAZARENO","501","050115","050115",,
"459","ANDRES AVELINO CACERES DORREGARAY","501","050116","050116",,
"460","CANGALLO","502","050201","050201",,
"461","CHUSCHI","502","050204","050202",,
"462","LOS MOROCHUCOS","502","050206","050203",,
"463","MARIA PARADO DE BELLIDO","502","050211","050204",,
"464","PARAS","502","050207","050205",,
"465","TOTOS","502","050208","050206",,
"466","SANCOS","503","050801","050301",,
"467","CARAPO","503","050804","050302",,
"468","SACSAMARCA","503","050802","050303",,
"469","SANTIAGO DE LUCANAMARCA","503","050803","050304",,
"470","HUANTA","504","050301","050401",,
"471","AYAHUANCO","504","050302","050402",,
"472","HUAMANGUILLA","504","050303","050403",,
"473","IGUAIN","504","050304","050404",,
"474","LURICOCHA","504","050305","050405",,
"475","SANTILLANA","504","050307","050406",,
"476","SIVIA","504","050308","050407",,
"477","LLOCHEGUA","504","050309","050408",,
"478","CANAYRE","504","050310","050409",,
"479","UCHURACCAY","504","050311","050410",,
"480","PUCACOLPA","504","050312","050411",,
"481","CHACA","504","050313","050412",,
"482","SAN MIGUEL","505","050401","050501",,
"483","ANCO","505","050402","050502",,
"484","AYNA","505","050403","050503",,
"485","CHILCAS","505","050404","050504",,
"486","CHUNGUI","505","050405","050505",,
"487","LUIS CARRANZA","505","050407","050506",,
"488","SANTA ROSA","505","050408","050507",,
"489","TAMBO","505","050406","050508",,
"490","SAMUGARI","505","050409","050509",,
"491","ANCHIHUAY","505","050410","050510",,
"492","ORONCCOY","505","050411","050511",,
"493","PUQUIO","506","050501","050601",,
"494","AUCARA","506","050502","050602",,
"495","CABANA","506","050503","050603",,
"496","CARMEN SALCEDO","506","050504","050604",,
"497","CHAVIÑA","506","050506","050605",,
"498","CHIPAO","506","050508","050606",,
"499","HUAC-HUAS","506","050510","050607",,
"500","LARAMATE","506","050511","050608",,
"501","LEONCIO PRADO","506","050512","050609",,
"502","LLAUTA","506","050514","050610",,
"503","LUCANAS","506","050513","050611",,
"504","OCAÑA","506","050516","050612",,
"505","OTOCA","506","050517","050613",,
"506","SAISA","506","050529","050614",,
"507","SAN CRISTOBAL","506","050532","050615",,
"508","SAN JUAN","506","050521","050616",,
"509","SAN PEDRO","506","050522","050617",,
"510","SAN PEDRO DE PALCO","506","050531","050618",,
"511","SANCOS","506","050520","050619",,
"512","SANTA ANA DE HUAYCAHUACHO","506","050524","050620",,
"513","SANTA LUCIA","506","050525","050621",,
"514","CORACORA","507","050601","050701",,
"515","CHUMPI","507","050605","050702",,
"516","CORONEL CASTAÑEDA","507","050604","050703",,
"517","PACAPAUSA","507","050608","050704",,
"518","PULLO","507","050611","050705",,
"519","PUYUSCA","507","050612","050706",,
"520","SAN FRANCISCO DE RAVACAYCO","507","050615","050707",,
"521","UPAHUACHO","507","050616","050708",,
"522","PAUSA","508","051001","050801",,
"523","COLTA","508","051002","050802",,
"524","CORCULLA","508","051003","050803",,
"525","LAMPA","508","051004","050804",,
"526","MARCABAMBA","508","051005","050805",,
"527","OYOLO","508","051006","050806",,
"528","PARARCA","508","051007","050807",,
"529","SAN JAVIER DE ALPABAMBA","508","051008","050808",,
"530","SAN JOSE DE USHUA","508","051009","050809",,
"531","SARA SARA","508","051010","050810",,
"532","QUEROBAMBA","509","051101","050901",,
"533","BELEN","509","051102","050902",,
"534","CHALCOS","509","051103","050903",,
"535","CHILCAYOC","509","051110","050904",,
"536","HUACAÑA","509","051109","050905",,
"537","MORCOLLA","509","051111","050906",,
"538","PAICO","509","051105","050907",,
"539","SAN PEDRO DE LARCAY","509","051107","050908",,
"540","SAN SALVADOR DE QUIJE","509","051104","050909",,
"541","SANTIAGO DE PAUCARAY","509","051106","050910",,
"542","SORAS","509","051108","050911",,
"543","HUANCAPI","510","050701","051001",,
"544","ALCAMENCA","510","050702","051002",,
"545","APONGO","510","050703","051003",,
"546","ASQUIPATA","510","050715","051004",,
"547","CANARIA","510","050704","051005",,
"548","CAYARA","510","050706","051006",,
"549","COLCA","510","050707","051007",,
"550","HUAMANQUIQUIA","510","050709","051008",,
"551","HUANCARAYLLA","510","050710","051009",,
"552","HUAYA","510","050708","051010",,
"553","SARHUA","510","050713","051011",,
"554","VILCANCHOS","510","050714","051012",,
"555","VILCAS HUAMAN","511","050901","051101",,
"556","ACCOMARCA","511","050903","051102",,
"557","CARHUANCA","511","050904","051103",,
"558","CONCEPCION","511","050905","051104",,
"559","HUAMBALPA","511","050906","051105",,
"560","INDEPENDENCIA","511","050908","051106",,
"561","SAURAMA","511","050907","051107",,
"562","VISCHONGO","511","050902","051108",,
"563","CAJAMARCA","601","060101","060101",,
"564","ASUNCION","601","060102","060102",,
"565","CHETILLA","601","060104","060103",,
"566","COSPAN","601","060103","060104",,
"567","ENCAÑADA","601","060105","060105",,
"568","JESUS","601","060106","060106",,
"569","LLACANORA","601","060108","060107",,
"570","LOS BAÑOS DEL INCA","601","060107","060108",,
"571","MAGDALENA","601","060109","060109",,
"572","MATARA","601","060110","060110",,
"573","NAMORA","601","060111","060111",,
"574","SAN JUAN","601","060112","060112",,
"575","CAJABAMBA","602","060201","060201",,
"576","CACHACHI","602","060202","060202",,
"577","CONDEBAMBA","602","060203","060203",,
"578","SITACOCHA","602","060205","060204",,
"579","CELENDIN","603","060301","060301",,
"580","CHUMUCH","603","060303","060302",,
"581","CORTEGANA","603","060302","060303",,
"582","HUASMIN","603","060304","060304",,
"583","JORGE CHAVEZ","603","060305","060305",,
"584","JOSE GALVEZ","603","060306","060306",,
"585","MIGUEL IGLESIAS","603","060307","060307",,
"586","OXAMARCA","603","060308","060308",,
"587","SOROCHUCO","603","060309","060309",,
"588","SUCRE","603","060310","060310",,
"589","UTCO","603","060311","060311",,
"590","LA LIBERTAD DE PALLAN","603","060312","060312",,
"591","CHOTA","604","060601","060401",,
"592","ANGUIA","604","060602","060402",,
"593","CHADIN","604","060605","060403",,
"594","CHIGUIRIP","604","060606","060404",,
"595","CHIMBAN","604","060607","060405",,
"596","CHOROPAMPA","604","060618","060406",,
"597","COCHABAMBA","604","060603","060407",,
"598","CONCHAN","604","060604","060408",,
"599","HUAMBOS","604","060608","060409",,
"600","LAJAS","604","060609","060410",,
"601","LLAMA","604","060610","060411",,
"602","MIRACOSTA","604","060611","060412",,
"603","PACCHA","604","060612","060413",,
"604","PION","604","060613","060414",,
"605","QUEROCOTO","604","060614","060415",,
"606","SAN JUAN DE LICUPIS","604","060617","060416",,
"607","TACABAMBA","604","060615","060417",,
"608","TOCMOCHE","604","060616","060418",,
"609","CHALAMARCA","604","060619","060419",,
"610","CONTUMAZA","605","060401","060501",,
"611","CHILETE","605","060403","060502",,
"612","CUPISNIQUE","605","060406","060503",,
"613","GUZMANGO","605","060404","060504",,
"614","SAN BENITO","605","060405","060505",,
"615","SANTA CRUZ DE TOLEDO","605","060409","060506",,
"616","TANTARICA","605","060407","060507",,
"617","YONAN","605","060408","060508",,
"618","CUTERVO","606","060501","060601",,
"619","CALLAYUC","606","060502","060602",,
"620","CHOROS","606","060504","060603",,
"621","CUJILLO","606","060503","060604",,
"622","LA RAMADA","606","060505","060605",,
"623","PIMPINGOS","606","060506","060606",,
"624","QUEROCOTILLO","606","060507","060607",,
"625","SAN ANDRES DE CUTERVO","606","060508","060608",,
"626","SAN JUAN DE CUTERVO","606","060509","060609",,
"627","SAN LUIS DE LUCMA","606","060510","060610",,
"628","SANTA CRUZ","606","060511","060611",,
"629","SANTO DOMINGO DE LA CAPILLA","606","060512","060612",,
"630","SANTO TOMAS","606","060513","060613",,
"631","SOCOTA","606","060514","060614",,
"632","TORIBIO CASANOVA","606","060515","060615",,
"633","BAMBAMARCA","607","060701","060701",,
"634","CHUGUR","607","060702","060702",,
"635","HUALGAYOC","607","060703","060703",,
"636","JAEN","608","060801","060801",,
"637","BELLAVISTA","608","060802","060802",,
"638","CHONTALI","608","060804","060803",,
"639","COLASAY","608","060803","060804",,
"640","HUABAL","608","060812","060805",,
"641","LAS PIRIAS","608","060811","060806",,
"642","POMAHUACA","608","060805","060807",,
"643","PUCARA","608","060806","060808",,
"644","SALLIQUE","608","060807","060809",,
"645","SAN FELIPE","608","060808","060810",,
"646","SAN JOSE DEL ALTO","608","060809","060811",,
"647","SANTA ROSA","608","060810","060812",,
"648","SAN IGNACIO","609","061101","060901",,
"649","CHIRINOS","609","061102","060902",,
"650","HUARANGO","609","061103","060903",,
"651","LA COIPA","609","061105","060904",,
"652","NAMBALLE","609","061104","060905",,
"653","SAN JOSE DE LOURDES","609","061106","060906",,
"654","TABACONAS","609","061107","060907",,
"655","PEDRO GALVEZ","610","061201","061001",,
"656","CHANCAY","610","061207","061002",,
"657","EDUARDO VILLANUEVA","610","061205","061003",,
"658","GREGORIO PITA","610","061203","061004",,
"659","ICHOCAN","610","061202","061005",,
"660","JOSE MANUEL QUIROZ","610","061204","061006",,
"661","JOSE SABOGAL","610","061206","061007",,
"662","SAN MIGUEL","611","061001","061101",,
"663","BOLIVAR","611","061013","061102",,
"664","CALQUIS","611","061002","061103",,
"665","CATILLUC","611","061012","061104",,
"666","EL PRADO","611","061009","061105",,
"667","LA FLORIDA","611","061003","061106",,
"668","LLAPA","611","061004","061107",,
"669","NANCHOC","611","061005","061108",,
"670","NIEPOS","611","061006","061109",,
"671","SAN GREGORIO","611","061007","061110",,
"672","SAN SILVESTRE DE COCHAN","611","061008","061111",,
"673","TONGOD","611","061011","061112",,
"674","UNION AGUA BLANCA","611","061010","061113",,
"675","SAN PABLO","612","061301","061201",,
"676","SAN BERNARDINO","612","061302","061202",,
"677","SAN LUIS","612","061303","061203",,
"678","TUMBADEN","612","061304","061204",,
"679","SANTA CRUZ","613","060901","061301",,
"680","ANDABAMBA","613","060910","061302",,
"681","CATACHE","613","060902","061303",,
"682","CHANCAYBAÑOS","613","060903","061304",,
"683","LA ESPERANZA","613","060904","061305",,
"684","NINABAMBA","613","060905","061306",,
"685","PULAN","613","060906","061307",,
"686","SAUCEPAMPA","613","060911","061308",,
"687","SEXI","613","060907","061309",,
"688","UTICYACU","613","060908","061310",,
"689","YAUYUCAN","613","060909","061311",,
"690","CALLAO","701","240101","070101",,
"691","BELLAVISTA","701","240102","070102",,
"692","CARMEN DE LA LEGUA REYNOSO","701","240104","070103",,
"693","LA PERLA","701","240105","070104",,
"694","LA PUNTA","701","240103","070105",,
"695","VENTANILLA","701","240106","070106",,
"696","MI PERU","701","240107","070107",,
"697","CUSCO","801","070101","080101",,
"698","CCORCA","801","070102","080102",,
"699","POROY","801","070103","080103",,
"700","SAN JERONIMO","801","070104","080104",,
"701","SAN SEBASTIAN","801","070105","080105",,
"702","SANTIAGO","801","070106","080106",,
"703","SAYLLA","801","070107","080107",,
"704","WANCHAQ","801","070108","080108",,
"705","ACOMAYO","802","070201","080201",,
"706","ACOPIA","802","070202","080202",,
"707","ACOS","802","070203","080203",,
"708","MOSOC LLACTA","802","070207","080204",,
"709","POMACANCHI","802","070204","080205",,
"710","RONDOCAN","802","070205","080206",,
"711","SANGARARA","802","070206","080207",,
"712","ANTA","803","070301","080301",,
"713","ANCAHUASI","803","070309","080302",,
"714","CACHIMAYO","803","070308","080303",,
"715","CHINCHAYPUJIO","803","070302","080304",,
"716","HUAROCONDO","803","070303","080305",,
"717","LIMATAMBO","803","070304","080306",,
"718","MOLLEPATA","803","070305","080307",,
"719","PUCYURA","803","070306","080308",,
"720","ZURITE","803","070307","080309",,
"721","CALCA","804","070401","080401",,
"722","COYA","804","070402","080402",,
"723","LAMAY","804","070403","080403",,
"724","LARES","804","070404","080404",,
"725","PISAC","804","070405","080405",,
"726","SAN SALVADOR","804","070406","080406",,
"727","TARAY","804","070407","080407",,
"728","YANATILE","804","070408","080408",,
"729","YANAOCA","805","070501","080501",,
"730","CHECCA","805","070502","080502",,
"731","KUNTURKANKI","805","070503","080503",,
"732","LANGUI","805","070504","080504",,
"733","LAYO","805","070505","080505",,
"734","PAMPAMARCA","805","070506","080506",,
"735","QUEHUE","805","070507","080507",,
"736","TUPAC AMARU","805","070508","080508",,
"737","SICUANI","806","070601","080601",,
"738","CHECACUPE","806","070603","080602",,
"739","COMBAPATA","806","070602","080603",,
"740","MARANGANI","806","070604","080604",,
"741","PITUMARCA","806","070605","080605",,
"742","SAN PABLO","806","070606","080606",,
"743","SAN PEDRO","806","070607","080607",,
"744","TINTA","806","070608","080608",,
"745","SANTO TOMAS","807","070701","080701",,
"746","CAPACMARCA","807","070702","080702",,
"747","CHAMACA","807","070704","080703",,
"748","COLQUEMARCA","807","070703","080704",,
"749","LIVITACA","807","070705","080705",,
"750","LLUSCO","807","070706","080706",,
"751","QUIÑOTA","807","070707","080707",,
"752","VELILLE","807","070708","080708",,
"753","ESPINAR","808","070801","080801",,
"754","CONDOROMA","808","070802","080802",,
"755","COPORAQUE","808","070803","080803",,
"756","OCORURO","808","070804","080804",,
"757","PALLPATA","808","070805","080805",,
"758","PICHIGUA","808","070806","080806",,
"759","SUYCKUTAMBO","808","070807","080807",,
"760","ALTO PICHIGUA","808","070808","080808",,
"761","SANTA ANA","809","070901","080901",,
"762","ECHARATE","809","070902","080902",,
"763","HUAYOPATA","809","070903","080903",,
"764","MARANURA","809","070904","080904",,
"765","OCOBAMBA","809","070905","080905",,
"766","QUELLOUNO","809","070908","080906",,
"767","QUIMBIRI","809","070909","080907",,
"768","SANTA TERESA","809","070906","080908",,
"769","VILCABAMBA","809","070907","080909",,
"770","PICHARI","809","070910","080910",,
"771","INKAWASI","809","070911","080911",,
"772","VILLA VIRGEN","809","070912","080912",,
"773","VILLA KINTIARINA","809","070913","080913",,
"774","MEGANTONI","809","070915","080914",,
"775","PARURO","810","071001","081001",,
"776","ACCHA","810","071002","081002",,
"777","CCAPI","810","071003","081003",,
"778","COLCHA","810","071004","081004",,
"779","HUANOQUITE","810","071005","081005",,
"780","OMACHA","810","071006","081006",,
"781","PACCARITAMBO","810","071008","081007",,
"782","PILLPINTO","810","071009","081008",,
"783","YAURISQUE","810","071007","081009",,
"784","PAUCARTAMBO","811","071101","081101",,
"785","CAICAY","811","071102","081102",,
"786","CHALLABAMBA","811","071104","081103",,
"787","COLQUEPATA","811","071103","081104",,
"788","HUANCARANI","811","071106","081105",,
"789","KOSÑIPATA","811","071105","081106",,
"790","URCOS","812","071201","081201",,
"791","ANDAHUAYLILLAS","812","071202","081202",,
"792","CAMANTI","812","071203","081203",,
"793","CCARHUAYO","812","071204","081204",,
"794","CCATCA","812","071205","081205",,
"795","CUSIPATA","812","071206","081206",,
"796","HUARO","812","071207","081207",,
"797","LUCRE","812","071208","081208",,
"798","MARCAPATA","812","071209","081209",,
"799","OCONGATE","812","071210","081210",,
"800","OROPESA","812","071211","081211",,
"801","QUIQUIJANA","812","071212","081212",,
"802","URUBAMBA","813","071301","081301",,
"803","CHINCHERO","813","071302","081302",,
"804","HUAYLLABAMBA","813","071303","081303",,
"805","MACHUPICCHU","813","071304","081304",,
"806","MARAS","813","071305","081305",,
"807","OLLANTAYTAMBO","813","071306","081306",,
"808","YUCAY","813","071307","081307",,
"809","HUANCAVELICA","901","080101","090101",,
"810","ACOBAMBILLA","901","080102","090102",,
"811","ACORIA","901","080103","090103",,
"812","CONAYCA","901","080104","090104",,
"813","CUENCA","901","080105","090105",,
"814","HUACHOCOLPA","901","080106","090106",,
"815","HUAYLLAHUARA","901","080108","090107",,
"816","IZCUCHACA","901","080109","090108",,
"817","LARIA","901","080110","090109",,
"818","MANTA","901","080111","090110",,
"819","MARISCAL CACERES","901","080112","090111",,
"820","MOYA","901","080113","090112",,
"821","NUEVO OCCORO","901","080114","090113",,
"822","PALCA","901","080115","090114",,
"823","PILCHACA","901","080116","090115",,
"824","VILCA","901","080117","090116",,
"825","YAULI","901","080118","090117",,
"826","ASCENSION","901","080119","090118",,
"827","HUANDO","901","080120","090119",,
"828","ACOBAMBA","902","080201","090201",,
"829","ANDABAMBA","902","080203","090202",,
"830","ANTA","902","080202","090203",,
"831","CAJA","902","080204","090204",,
"832","MARCAS","902","080205","090205",,
"833","PAUCARA","902","080206","090206",,
"834","POMACOCHA","902","080207","090207",,
"835","ROSARIO","902","080208","090208",,
"836","LIRCAY","903","080301","090301",,
"837","ANCHONGA","903","080302","090302",,
"838","CALLANMARCA","903","080303","090303",,
"839","CCOCHACCASA","903","080312","090304",,
"840","CHINCHO","903","080305","090305",,
"841","CONGALLA","903","080304","090306",,
"842","HUANCA-HUANCA","903","080307","090307",,
"843","HUAYLLAY GRANDE","903","080306","090308",,
"844","JULCAMARCA","903","080308","090309",,
"845","SAN ANTONIO DE ANTAPARCO","903","080309","090310",,
"846","SANTO TOMAS DE PATA","903","080310","090311",,
"847","SECCLLA","903","080311","090312",,
"848","CASTROVIRREYNA","904","080401","090401",,
"849","ARMA","904","080402","090402",,
"850","AURAHUA","904","080403","090403",,
"851","CAPILLAS","904","080405","090404",,
"852","CHUPAMARCA","904","080408","090405",,
"853","COCAS","904","080406","090406",,
"854","HUACHOS","904","080409","090407",,
"855","HUAMATAMBO","904","080410","090408",,
"856","MOLLEPAMPA","904","080414","090409",,
"857","SAN JUAN","904","080422","090410",,
"858","SANTA ANA","904","080429","090411",,
"859","TANTARA","904","080427","090412",,
"860","TICRAPO","904","080428","090413",,
"861","CHURCAMPA","905","080701","090501",,
"862","ANCO","905","080702","090502",,
"863","CHINCHIHUASI","905","080703","090503",,
"864","EL CARMEN","905","080704","090504",,
"865","LA MERCED","905","080705","090505",,
"866","LOCROJA","905","080706","090506",,
"867","PAUCARBAMBA","905","080707","090507",,
"868","SAN MIGUEL DE MAYOCC","905","080708","090508",,
"869","SAN PEDRO DE CORIS","905","080709","090509",,
"870","PACHAMARCA","905","080710","090510",,
"871","COSME","905","080711","090511",,
"872","HUAYTARA","906","080604","090601",,
"873","AYAVI","906","080601","090602",,
"874","CORDOVA","906","080602","090603",,
"875","HUAYACUNDO ARMA","906","080603","090604",,
"876","LARAMARCA","906","080605","090605",,
"877","OCOYO","906","080606","090606",,
"878","PILPICHACA","906","080607","090607",,
"879","QUERCO","906","080608","090608",,
"880","QUITO-ARMA","906","080609","090609",,
"881","SAN ANTONIO DE CUSICANCHA","906","080610","090610",,
"882","SAN FRANCISCO DE SANGAYAICO","906","080611","090611",,
"883","SAN ISIDRO","906","080612","090612",,
"884","SANTIAGO DE CHOCORVOS","906","080613","090613",,
"885","SANTIAGO DE QUIRAHUARA","906","080614","090614",,
"886","SANTO DOMINGO DE CAPILLAS","906","080615","090615",,
"887","TAMBO","906","080616","090616",,
"888","PAMPAS","907","080501","090701",,
"889","ACOSTAMBO","907","080502","090702",,
"890","ACRAQUIA","907","080503","090703",,
"891","AHUAYCHA","907","080504","090704",,
"892","COLCABAMBA","907","080506","090705",,
"893","DANIEL HERNANDEZ","907","080509","090706",,
"894","HUACHOCOLPA","907","080511","090707",,
"895","HUARIBAMBA","907","080512","090709",,
"896","ÑAHUIMPUQUIO","907","080515","090710",,
"897","PAZOS","907","080517","090711",,
"898","QUISHUAR","907","080518","090713",,
"899","SALCABAMBA","907","080519","090714",,
"900","SALCAHUASI","907","080526","090715",,
"901","SAN MARCOS DE ROCCHAC","907","080520","090716",,
"902","SURCUBAMBA","907","080523","090717",,
"903","TINTAY PUNCU","907","080525","090718",,
"904","QUICHUAS","907","080528","090719",,
"905","ANDAYMARCA","907","080529","090720",,
"906","ROBLE","907","080530","090721",,
"907","PICHOS","907","080531","090722",,
"908","SANTIAGO DE TUCUMA","907","080532","090723",,
"909","HUANUCO","1001","090101","100101",,
"910","AMARILIS","1001","090110","100102",,
"911","CHINCHAO","1001","090102","100103",,
"912","CHURUBAMBA","1001","090103","100104",,
"913","MARGOS","1001","090104","100105",,
"914","QUISQUI","1001","090105","100106",,
"915","SAN FRANCISCO DE CAYRAN","1001","090106","100107",,
"916","SAN PEDRO DE CHAULAN","1001","090107","100108",,
"917","SANTA MARIA DEL VALLE","1001","090108","100109",,
"918","YARUMAYO","1001","090109","100110",,
"919","PILLCO MARCA","1001","090111","100111",,
"920","YACUS","1001","090112","100112",,
"921","SAN PABLO DE PILLAO","1001","090113","100113",,
"922","AMBO","1002","090201","100201",,
"923","CAYNA","1002","090202","100202",,
"924","COLPAS","1002","090203","100203",,
"925","CONCHAMARCA","1002","090204","100204",,
"926","HUACAR","1002","090205","100205",,
"927","SAN FRANCISCO","1002","090206","100206",,
"928","SAN RAFAEL","1002","090207","100207",,
"929","TOMAY KICHWA","1002","090208","100208",,
"930","LA UNION","1003","090301","100301",,
"931","CHUQUIS","1003","090307","100307",,
"932","MARIAS","1003","090312","100311",,
"933","PACHAS","1003","090314","100313",,
"934","QUIVILLA","1003","090316","100316",,
"935","RIPAN","1003","090317","100317",,
"936","SHUNQUI","1003","090321","100321",,
"937","SILLAPATA","1003","090322","100322",,
"938","YANAS","1003","090323","100323",,
"939","HUACAYBAMBA","1004","090901","100401",,
"940","CANCHABAMBA","1004","090903","100402",,
"941","COCHABAMBA","1004","090904","100403",,
"942","PINRA","1004","090902","100404",,
"943","LLATA","1005","090401","100501",,
"944","ARANCAY","1005","090402","100502",,
"945","CHAVIN DE PARIARCA","1005","090403","100503",,
"946","JACAS GRANDE","1005","090404","100504",,
"947","JIRCAN","1005","090405","100505",,
"948","MIRAFLORES","1005","090406","100506",,
"949","MONZON","1005","090407","100507",,
"950","PUNCHAO","1005","090408","100508",,
"951","PUÑOS","1005","090409","100509",,
"952","SINGA","1005","090410","100510",,
"953","TANTAMAYO","1005","090411","100511",,
"954","RUPA-RUPA","1006","090601","100601",,
"955","DANIEL ALOMIAS ROBLES","1006","090602","100602",,
"956","HERMILIO VALDIZAN","1006","090603","100603",,
"957","JOSE CRESPO Y CASTILLO","1006","090606","100604",,
"958","LUYANDO","1006","090604","100605",,
"959","MARIANO DAMASO BERAUN","1006","090605","100606",,
"960","PUCAYACU","1006","090607","100607",,
"961","CASTILLO GRANDE","1006","090608","100608",,
"962","PUEBLO NUEVO","1006","090609","100609",,
"963","SANTO DOMINGO DE ANDA","1006","090610","100610",,
"964","HUACRACHUCO","1007","090501","100701",,
"965","CHOLON","1007","090502","100702",,
"966","SAN BUENAVENTURA","1007","090505","100703",,
"967","LA MORADA","1007","090506","100704",,
"968","SANTA ROSA DE ALTO YANAJANCA","1007","090507","100705",,
"969","PANAO","1008","090701","100801",,
"970","CHAGLLA","1008","090702","100802",,
"971","MOLINO","1008","090704","100803",,
"972","UMARI","1008","090706","100804",,
"973","PUERTO INCA","1009","090802","100901",,
"974","CODO DEL POZUZO","1009","090803","100902",,
"975","HONORIA","1009","090801","100903",,
"976","TOURNAVISTA","1009","090804","100904",,
"977","YUYAPICHIS","1009","090805","100905",,
"978","JESUS","1010","091001","101001",,
"979","BAÑOS","1010","091002","101002",,
"980","JIVIA","1010","091007","101003",,
"981","QUEROPALCA","1010","091004","101004",,
"982","RONDOS","1010","091006","101005",,
"983","SAN FRANCISCO DE ASIS","1010","091003","101006",,
"984","SAN MIGUEL DE CAURI","1010","091005","101007",,
"985","CHAVINILLO","1011","091101","101101",,
"986","CAHUAC","1011","091103","101102",,
"987","CHACABAMBA","1011","091104","101103",,
"988","APARICIO POMARES","1011","091102","101104",,
"989","JACAS CHICO","1011","091105","101105",,
"990","OBAS","1011","091106","101106",,
"991","PAMPAMARCA","1011","091107","101107",,
"992","CHORAS","1011","091108","101108",,
"993","ICA","1101","100101","110101",,
"994","LA TINGUIÑA","1101","100102","110102",,
"995","LOS AQUIJES","1101","100103","110103",,
"996","OCUCAJE","1101","100114","110104",,
"997","PACHACUTEC","1101","100113","110105",,
"998","PARCONA","1101","100104","110106",,
"999","PUEBLO NUEVO","1101","100105","110107",,
"1000","SALAS","1101","100106","110108",,
"1001","SAN JOSE DE LOS MOLINOS","1101","100107","110109",,
"1002","SAN JUAN BAUTISTA","1101","100108","110110",,
"1003","SANTIAGO","1101","100109","110111",,
"1004","SUBTANJALLA","1101","100110","110112",,
"1005","TATE","1101","100112","110113",,
"1006","YAUCA DEL ROSARIO","1101","100111","110114",,
"1007","CHINCHA ALTA","1102","100201","110201",,
"1008","ALTO LARAN","1102","100209","110202",,
"1009","CHAVIN","1102","100202","110203",,
"1010","CHINCHA BAJA","1102","100203","110204",,
"1011","EL CARMEN","1102","100204","110205",,
"1012","GROCIO PRADO","1102","100205","110206",,
"1013","PUEBLO NUEVO","1102","100210","110207",,
"1014","SAN JUAN DE YANAC","1102","100211","110208",,
"1015","SAN PEDRO DE HUACARPANA","1102","100206","110209",,
"1016","SUNAMPE","1102","100207","110210",,
"1017","TAMBO DE MORA","1102","100208","110211",,
"1018","NAZCA","1103","100301","110301",,
"1019","CHANGUILLO","1103","100302","110302",,
"1020","EL INGENIO","1103","100303","110303",,
"1021","MARCONA","1103","100304","110304",,
"1022","VISTA ALEGRE","1103","100305","110305",,
"1023","PALPA","1104","100501","110401",,
"1024","LLIPATA","1104","100502","110402",,
"1025","RIO GRANDE","1104","100503","110403",,
"1026","SANTA CRUZ","1104","100504","110404",,
"1027","TIBILLO","1104","100505","110405",,
"1028","PISCO","1105","100401","110501",,
"1029","HUANCANO","1105","100402","110502",,
"1030","HUMAY","1105","100403","110503",,
"1031","INDEPENDENCIA","1105","100404","110504",,
"1032","PARACAS","1105","100405","110505",,
"1033","SAN ANDRES","1105","100406","110506",,
"1034","SAN CLEMENTE","1105","100407","110507",,
"1035","TUPAC AMARU INCA","1105","100408","110508",,
"1036","HUANCAYO","1201","110101","120101",,
"1037","CARHUACALLANGA","1201","110103","120104",,
"1038","CHACAPAMPA","1201","110106","120105",,
"1039","CHICCHE","1201","110107","120106",,
"1040","CHILCA","1201","110108","120107",,
"1041","CHONGOS ALTO","1201","110109","120108",,
"1042","CHUPURO","1201","110112","120111",,
"1043","COLCA","1201","110104","120112",,
"1044","CULLHUAS","1201","110105","120113",,
"1045","EL TAMBO","1201","110113","120114",,
"1046","HUACRAPUQUIO","1201","110114","120116",,
"1047","HUALHUAS","1201","110116","120117",,
"1048","HUANCAN","1201","110118","120119",,
"1049","HUASICANCHA","1201","110119","120120",,
"1050","HUAYUCACHI","1201","110120","120121",,
"1051","INGENIO","1201","110121","120122",,
"1052","PARIAHUANCA","1201","110122","120124",,
"1053","PILCOMAYO","1201","110123","120125",,
"1054","PUCARA","1201","110124","120126",,
"1055","QUICHUAY","1201","110125","120127",,
"1056","QUILCAS","1201","110126","120128",,
"1057","SAN AGUSTIN","1201","110127","120129",,
"1058","SAN JERONIMO DE TUNAN","1201","110128","120130",,
"1059","SAÑO","1201","110132","120132",,
"1060","SAPALLANGA","1201","110133","120133",,
"1061","SICAYA","1201","110134","120134",,
"1062","SANTO DOMINGO DE ACOBAMBA","1201","110131","120135",,
"1063","VIQUES","1201","110136","120136",,
"1064","CONCEPCION","1202","110201","120201",,
"1065","ACO","1202","110202","120202",,
"1066","ANDAMARCA","1202","110203","120203",,
"1067","CHAMBARA","1202","110206","120204",,
"1068","COCHAS","1202","110205","120205",,
"1069","COMAS","1202","110204","120206",,
"1070","HEROINAS TOLEDO","1202","110207","120207",,
"1071","MANZANARES","1202","110208","120208",,
"1072","MARISCAL CASTILLA","1202","110209","120209",,
"1073","MATAHUASI","1202","110210","120210",,
"1074","MITO","1202","110211","120211",,
"1075","NUEVE DE JULIO","1202","110212","120212",,
"1076","ORCOTUNA","1202","110213","120213",,
"1077","SAN JOSE DE QUERO","1202","110215","120214",,
"1078","SANTA ROSA DE OCOPA","1202","110214","120215",,
"1079","CHANCHAMAYO","1203","110801","120301",,
"1080","PERENE","1203","110806","120302",,
"1081","PICHANAQUI","1203","110805","120303",,
"1082","SAN LUIS DE SHUARO","1203","110804","120304",,
"1083","SAN RAMON","1203","110802","120305",,
"1084","VITOC","1203","110803","120306",,
"1085","JAUJA","1204","110301","120401",,
"1086","ACOLLA","1204","110302","120402",,
"1087","APATA","1204","110303","120403",,
"1088","ATAURA","1204","110304","120404",,
"1089","CANCHAYLLO","1204","110305","120405",,
"1090","CURICACA","1204","110331","120406",,
"1091","EL MANTARO","1204","110306","120407",,
"1092","HUAMALI","1204","110307","120408",,
"1093","HUARIPAMPA","1204","110308","120409",,
"1094","HUERTAS","1204","110309","120410",,
"1095","JANJAILLO","1204","110310","120411",,
"1096","JULCAN","1204","110311","120412",,
"1097","LEONOR ORDOÑEZ","1204","110312","120413",,
"1098","LLOCLLAPAMPA","1204","110313","120414",,
"1099","MARCO","1204","110314","120415",,
"1100","MASMA","1204","110315","120416",,
"1101","MASMA CHICCHE","1204","110332","120417",,
"1102","MOLINOS","1204","110316","120418",,
"1103","MONOBAMBA","1204","110317","120419",,
"1104","MUQUI","1204","110318","120420",,
"1105","MUQUIYAUYO","1204","110319","120421",,
"1106","PACA","1204","110320","120422",,
"1107","PACCHA","1204","110321","120423",,
"1108","PANCAN","1204","110322","120424",,
"1109","PARCO","1204","110323","120425",,
"1110","POMACANCHA","1204","110324","120426",,
"1111","RICRAN","1204","110325","120427",,
"1112","SAN LORENZO","1204","110326","120428",,
"1113","SAN PEDRO DE CHUNAN","1204","110327","120429",,
"1114","SAUSA","1204","110333","120430",,
"1115","SINCOS","1204","110328","120431",,
"1116","TUNAN MARCA","1204","110329","120432",,
"1117","YAULI","1204","110330","120433",,
"1118","YAUYOS","1204","110334","120434",,
"1119","JUNIN","1205","110401","120501",,
"1120","CARHUAMAYO","1205","110402","120502",,
"1121","ONDORES","1205","110403","120503",,
"1122","ULCUMAYO","1205","110404","120504",,
"1123","SATIPO","1206","110701","120601",,
"1124","COVIRIALI","1206","110702","120602",,
"1125","LLAYLLA","1206","110703","120603",,
"1126","MAZAMARI","1206","110704","120604",,
"1127","PAMPA HERMOSA","1206","110705","120605",,
"1128","PANGOA","1206","110706","120606",,
"1129","RIO NEGRO","1206","110707","120607",,
"1130","RIO TAMBO","1206","110708","120608",,
"1131","VIZCATAN DEL ENE","1206","110709","120609",,
"1132","TARMA","1207","110501","120701",,
"1133","ACOBAMBA","1207","110502","120702",,
"1134","HUARICOLCA","1207","110503","120703",,
"1135","HUASAHUASI","1207","110504","120704",,
"1136","LA UNION","1207","110505","120705",,
"1137","PALCA","1207","110506","120706",,
"1138","PALCAMAYO","1207","110507","120707",,
"1139","SAN PEDRO DE CAJAS","1207","110508","120708",,
"1140","TAPO","1207","110509","120709",,
"1141","LA OROYA","1208","110601","120801",,
"1142","CHACAPALPA","1208","110602","120802",,
"1143","HUAY-HUAY","1208","110603","120803",,
"1144","MARCAPOMACOCHA","1208","110604","120804",,
"1145","MOROCOCHA","1208","110605","120805",,
"1146","PACCHA","1208","110606","120806",,
"1147","SANTA BARBARA DE CARHUACAYAN","1208","110607","120807",,
"1148","SANTA ROSA DE SACCO","1208","110610","120808",,
"1149","SUITUCANCHA","1208","110608","120809",,
"1150","YAULI","1208","110609","120810",,
"1151","CHUPACA","1209","110901","120901",,
"1152","AHUAC","1209","110902","120902",,
"1153","CHONGOS BAJO","1209","110903","120903",,
"1154","HUACHAC","1209","110904","120904",,
"1155","HUAMANCACA CHICO","1209","110905","120905",,
"1156","SAN JUAN DE YSCOS","1209","110906","120906",,
"1157","SAN JUAN DE JARPA","1209","110907","120907",,
"1158","TRES DE DICIEMBRE","1209","110908","120908",,
"1159","YANACANCHA","1209","110909","120909",,
"1160","TRUJILLO","1301","120101","130101",,
"1161","EL PORVENIR","1301","120110","130102",,
"1162","FLORENCIA DE MORA","1301","120112","130103",,
"1163","HUANCHACO","1301","120102","130104",,
"1164","LA ESPERANZA","1301","120111","130105",,
"1165","LAREDO","1301","120103","130106",,
"1166","MOCHE","1301","120104","130107",,
"1167","POROTO","1301","120109","130108",,
"1168","SALAVERRY","1301","120105","130109",,
"1169","SIMBAL","1301","120106","130110",,
"1170","VICTOR LARCO HERRERA","1301","120107","130111",,
"1171","ASCOPE","1302","120801","130201",,
"1172","CHICAMA","1302","120802","130202",,
"1173","CHOCOPE","1302","120803","130203",,
"1174","MAGDALENA DE CAO","1302","120805","130204",,
"1175","PAIJAN","1302","120806","130205",,
"1176","RAZURI","1302","120807","130206",,
"1177","SANTIAGO DE CAO","1302","120804","130207",,
"1178","CASA GRANDE","1302","120808","130208",,
"1179","BOLIVAR","1303","120201","130301",,
"1180","BAMBAMARCA","1303","120202","130302",,
"1181","CONDORMARCA","1303","120203","130303",,
"1182","LONGOTEA","1303","120204","130304",,
"1183","UCHUMARCA","1303","120206","130305",,
"1184","UCUNCHA","1303","120205","130306",,
"1185","CHEPEN","1304","120901","130401",,
"1186","PACANGA","1304","120902","130402",,
"1187","PUEBLO NUEVO","1304","120903","130403",,
"1188","JULCAN","1305","121001","130501",,
"1189","CALAMARCA","1305","121003","130502",,
"1190","CARABAMBA","1305","121002","130503",,
"1191","HUASO","1305","121004","130504",,
"1192","OTUZCO","1306","120401","130601",,
"1193","AGALLPAMPA","1306","120402","130602",,
"1194","CHARAT","1306","120403","130604",,
"1195","HUARANCHAL","1306","120404","130605",,
"1196","LA CUESTA","1306","120405","130606",,
"1197","MACHE","1306","120413","130608",,
"1198","PARANDAY","1306","120408","130610",,
"1199","SALPO","1306","120409","130611",,
"1200","SINSICAP","1306","120410","130613",,
"1201","USQUIL","1306","120411","130614",,
"1202","SAN PEDRO DE LLOC","1307","120501","130701",,
"1203","GUADALUPE","1307","120503","130702",,
"1204","JEQUETEPEQUE","1307","120504","130703",,
"1205","PACASMAYO","1307","120506","130704",,
"1206","SAN JOSE","1307","120508","130705",,
"1207","TAYABAMBA","1308","120601","130801",,
"1208","BULDIBUYO","1308","120602","130802",,
"1209","CHILLIA","1308","120603","130803",,
"1210","HUANCASPATA","1308","120605","130804",,
"1211","HUAYLILLAS","1308","120604","130805",,
"1212","HUAYO","1308","120606","130806",,
"1213","ONGON","1308","120607","130807",,
"1214","PARCOY","1308","120608","130808",,
"1215","PATAZ","1308","120609","130809",,
"1216","PIAS","1308","120610","130810",,
"1217","SANTIAGO DE CHALLAS","1308","120613","130811",,
"1218","TAURIJA","1308","120611","130812",,
"1219","URPAY","1308","120612","130813",,
"1220","HUAMACHUCO","1309","120301","130901",,
"1221","CHUGAY","1309","120304","130902",,
"1222","COCHORCO","1309","120302","130903",,
"1223","CURGOS","1309","120303","130904",,
"1224","MARCABAL","1309","120305","130905",,
"1225","SANAGORAN","1309","120306","130906",,
"1226","SARIN","1309","120307","130907",,
"1227","SARTIMBAMBA","1309","120308","130908",,
"1228","SANTIAGO DE CHUCO","1310","120701","131001",,
"1229","ANGASMARCA","1310","120708","131002",,
"1230","CACHICADAN","1310","120702","131003",,
"1231","MOLLEBAMBA","1310","120703","131004",,
"1232","MOLLEPATA","1310","120704","131005",,
"1233","QUIRUVILCA","1310","120705","131006",,
"1234","SANTA CRUZ DE CHUCA","1310","120706","131007",,
"1235","SITABAMBA","1310","120707","131008",,
"1236","CASCAS","1311","121101","131101",,
"1237","LUCMA","1311","121102","131102",,
"1238","MARMOT","1311","121103","131103",,
"1239","SAYAPULLO","1311","121104","131104",,
"1240","VIRU","1312","121201","131201",,
"1241","CHAO","1312","121202","131202",,
"1242","GUADALUPITO","1312","121203","131203",,
"1243","CHICLAYO","1401","130101","140101",,
"1244","CHONGOYAPE","1401","130102","140102",,
"1245","ETEN","1401","130103","140103",,
"1246","ETEN PUERTO","1401","130104","140104",,
"1247","JOSE LEONARDO ORTIZ","1401","130112","140105",,
"1248","LA VICTORIA","1401","130115","140106",,
"1249","LAGUNAS","1401","130105","140107",,
"1250","MONSEFU","1401","130106","140108",,
"1251","NUEVA ARICA","1401","130107","140109",,
"1252","OYOTUN","1401","130108","140110",,
"1253","PICSI","1401","130109","140111",,
"1254","PIMENTEL","1401","130110","140112",,
"1255","REQUE","1401","130111","140113",,
"1256","SANTA ROSA","1401","130113","140114",,
"1257","SAÑA","1401","130114","140115",,
"1258","CAYALTI","1401","130116","140116",,
"1259","PATAPO","1401","130117","140117",,
"1260","POMALCA","1401","130118","140118",,
"1261","PUCALA","1401","130119","140119",,
"1262","TUMAN","1401","130120","140120",,
"1263","FERREÑAFE","1402","130201","140201",,
"1264","CAÑARIS","1402","130203","140202",,
"1265","INCAHUASI","1402","130202","140203",,
"1266","MANUEL ANTONIO MESONES MURO","1402","130206","140204",,
"1267","PITIPO","1402","130204","140205",,
"1268","PUEBLO NUEVO","1402","130205","140206",,
"1269","LAMBAYEQUE","1403","130301","140301",,
"1270","CHOCHOPE","1403","130302","140302",,
"1271","ILLIMO","1403","130303","140303",,
"1272","JAYANCA","1403","130304","140304",,
"1273","MOCHUMI","1403","130305","140305",,
"1274","MORROPE","1403","130306","140306",,
"1275","MOTUPE","1403","130307","140307",,
"1276","OLMOS","1403","130308","140308",,
"1277","PACORA","1403","130309","140309",,
"1278","SALAS","1403","130310","140310",,
"1279","SAN JOSE","1403","130311","140311",,
"1280","TUCUME","1403","130312","140312",,
"1281","LIMA","1501","140101","150101",,
"1282","ANCON","1501","140102","150102",,
"1283","ATE","1501","140103","150103",,
"1284","BARRANCO","1501","140125","150104",,
"1285","BREÑA","1501","140104","150105",,
"1286","CARABAYLLO","1501","140105","150106",,
"1287","CHACLACAYO","1501","140107","150107",,
"1288","CHORRILLOS","1501","140108","150108",,
"1289","CIENEGUILLA","1501","140139","150109",,
"1290","COMAS","1501","140106","150110",,
"1291","EL AGUSTINO","1501","140135","150111",,
"1292","INDEPENDENCIA","1501","140134","150112",,
"1293","JESUS MARIA","1501","140133","150113",,
"1294","LA MOLINA","1501","140110","150114",,
"1295","LA VICTORIA","1501","140109","150115",,
"1296","LINCE","1501","140111","150116",,
"1297","LOS OLIVOS","1501","140142","150117",,
"1298","LURIGANCHO","1501","140112","150118",,
"1299","LURIN","1501","140113","150119",,
"1300","MAGDALENA DEL MAR","1501","140114","150120",,
"1301","PUEBLO LIBRE","1501","140117","150121",,
"1302","MIRAFLORES","1501","140115","150122",,
"1303","PACHACAMAC","1501","140116","150123",,
"1304","PUCUSANA","1501","140118","150124",,
"1305","PUENTE PIEDRA","1501","140119","150125",,
"1306","PUNTA HERMOSA","1501","140120","150126",,
"1307","PUNTA NEGRA","1501","140121","150127",,
"1308","RIMAC","1501","140122","150128",,
"1309","SAN BARTOLO","1501","140123","150129",,
"1310","SAN BORJA","1501","140140","150130",,
"1311","SAN ISIDRO","1501","140124","150131",,
"1312","SAN JUAN DE LURIGANCHO","1501","140137","150132",,
"1313","SAN JUAN DE MIRAFLORES","1501","140136","150133",,
"1314","SAN LUIS","1501","140138","150134",,
"1315","SAN MARTIN DE PORRES","1501","140126","150135",,
"1316","SAN MIGUEL","1501","140127","150136",,
"1317","SANTA ANITA","1501","140143","150137",,
"1318","SANTA MARIA DEL MAR","1501","140128","150138",,
"1319","SANTA ROSA","1501","140129","150139",,
"1320","SANTIAGO DE SURCO","1501","140130","150140",,
"1321","SURQUILLO","1501","140131","150141",,
"1322","VILLA EL SALVADOR","1501","140141","150142",,
"1323","VILLA MARIA DEL TRIUNFO","1501","140132","150143",,
"1325","BARRANCA","1502","140901","150201",,
"1326","PARAMONGA","1502","140902","150202",,
"1327","PATIVILCA","1502","140903","150203",,
"1328","SUPE","1502","140904","150204",,
"1329","SUPE PUERTO","1502","140905","150205",,
"1330","CAJATAMBO","1503","140201","150301",,
"1331","COPA","1503","140205","150302",,
"1332","GORGOR","1503","140206","150303",,
"1333","HUANCAPON","1503","140207","150304",,
"1334","MANAS","1503","140208","150305",,
"1335","CANTA","1504","140301","150401",,
"1336","ARAHUAY","1504","140302","150402",,
"1337","HUAMANTANGA","1504","140303","150403",,
"1338","HUAROS","1504","140304","150404",,
"1339","LACHAQUI","1504","140305","150405",,
"1340","SAN BUENAVENTURA","1504","140306","150406",,
"1341","SANTA ROSA DE QUIVES","1504","140307","150407",,
"1342","SAN VICENTE DE CAÑETE","1505","140401","150501",,
"1343","ASIA","1505","140416","150502",,
"1344","CALANGO","1505","140402","150503",,
"1345","CERRO AZUL","1505","140403","150504",,
"1346","CHILCA","1505","140405","150505",,
"1347","COAYLLO","1505","140404","150506",,
"1348","IMPERIAL","1505","140406","150507",,
"1349","LUNAHUANA","1505","140407","150508",,
"1350","MALA","1505","140408","150509",,
"1351","NUEVO IMPERIAL","1505","140409","150510",,
"1352","PACARAN","1505","140410","150511",,
"1353","QUILMANA","1505","140411","150512",,
"1354","SAN ANTONIO","1505","140412","150513",,
"1355","SAN LUIS","1505","140413","150514",,
"1356","SANTA CRUZ DE FLORES","1505","140414","150515",,
"1357","ZUÑIGA","1505","140415","150516",,
"1358","HUARAL","1506","140801","150601",,
"1359","ATAVILLOS ALTO","1506","140802","150602",,
"1360","ATAVILLOS BAJO","1506","140803","150603",,
"1361","AUCALLAMA","1506","140804","150604",,
"1362","CHANCAY","1506","140805","150605",,
"1363","IHUARI","1506","140806","150606",,
"1364","LAMPIAN","1506","140807","150607",,
"1365","PACARAOS","1506","140808","150608",,
"1366","SAN MIGUEL DE ACOS","1506","140809","150609",,
"1367","SANTA CRUZ DE ANDAMARCA","1506","140811","150610",,
"1368","SUMBILCA","1506","140812","150611",,
"1369","VEINTISIETE DE NOVIEMBRE","1506","140810","150612",,
"1370","MATUCANA","1507","140601","150701",,
"1371","ANTIOQUIA","1507","140602","150702",,
"1372","CALLAHUANCA","1507","140603","150703",,
"1373","CARAMPOMA","1507","140604","150704",,
"1374","CHICLA","1507","140607","150705",,
"1375","CUENCA","1507","140606","150706",,
"1376","HUACHUPAMPA","1507","140630","150707",,
"1377","HUANZA","1507","140608","150708",,
"1378","HUAROCHIRI","1507","140609","150709",,
"1379","LAHUAYTAMBO","1507","140610","150710",,
"1380","LANGA","1507","140611","150711",,
"1381","LARAOS","1507","140631","150712",,
"1382","MARIATANA","1507","140612","150713",,
"1383","RICARDO PALMA","1507","140613","150714",,
"1384","SAN ANDRES DE TUPICOCHA","1507","140614","150715",,
"1385","SAN ANTONIO","1507","140615","150716",,
"1386","SAN BARTOLOME","1507","140616","150717",,
"1387","SAN DAMIAN","1507","140617","150718",,
"1388","SAN JUAN DE IRIS","1507","140632","150719",,
"1389","SAN JUAN DE TANTARANCHE","1507","140619","150720",,
"1390","SAN LORENZO DE QUINTI","1507","140620","150721",,
"1391","SAN MATEO","1507","140621","150722",,
"1392","SAN MATEO DE OTAO","1507","140622","150723",,
"1393","SAN PEDRO DE CASTA","1507","140605","150724",,
"1394","SAN PEDRO DE HUANCAYRE","1507","140623","150725",,
"1395","SANGALLAYA","1507","140618","150726",,
"1396","SANTA CRUZ DE COCACHACRA","1507","140624","150727",,
"1397","SANTA EULALIA","1507","140625","150728",,
"1398","SANTIAGO DE ANCHUCAYA","1507","140626","150729",,
"1399","SANTIAGO DE TUNA","1507","140627","150730",,
"1400","SANTO DOMINGO DE LOS OLLEROS","1507","140628","150731",,
"1401","SURCO","1507","140629","150732",,
"1402","HUACHO","1508","140501","150801",,
"1403","AMBAR","1508","140502","150802",,
"1404","CALETA DE CARQUIN","1508","140504","150803",,
"1405","CHECRAS","1508","140505","150804",,
"1406","HUALMAY","1508","140506","150805",,
"1407","HUAURA","1508","140507","150806",,
"1408","LEONCIO PRADO","1508","140508","150807",,
"1409","PACCHO","1508","140509","150808",,
"1410","SANTA LEONOR","1508","140511","150809",,
"1411","SANTA MARIA","1508","140512","150810",,
"1412","SAYAN","1508","140513","150811",,
"1413","VEGUETA","1508","140516","150812",,
"1414","OYON","1509","141001","150901",,
"1415","ANDAJES","1509","141004","150902",,
"1416","CAUJUL","1509","141003","150903",,
"1417","COCHAMARCA","1509","141006","150904",,
"1418","NAVAN","1509","141002","150905",,
"1419","PACHANGARA","1509","141005","150906",,
"1420","YAUYOS","1510","140701","151001",,
"1421","ALIS","1510","140702","151002",,
"1422","AYAUCA","1510","140703","151003",,
"1423","AYAVIRI","1510","140704","151004",,
"1424","AZANGARO","1510","140705","151005",,
"1425","CACRA","1510","140706","151006",,
"1426","CARANIA","1510","140707","151007",,
"1427","CATAHUASI","1510","140733","151008",,
"1428","CHOCOS","1510","140710","151009",,
"1429","COCHAS","1510","140708","151010",,
"1430","COLONIA","1510","140709","151011",,
"1431","HONGOS","1510","140730","151012",,
"1432","HUAMPARA","1510","140711","151013",,
"1433","HUANCAYA","1510","140712","151014",,
"1434","HUANGASCAR","1510","140713","151015",,
"1435","HUANTAN","1510","140714","151016",,
"1436","HUAÑEC","1510","140715","151017",,
"1437","LARAOS","1510","140716","151018",,
"1438","LINCHA","1510","140717","151019",,
"1439","MADEAN","1510","140731","151020",,
"1440","MIRAFLORES","1510","140718","151021",,
"1441","OMAS","1510","140719","151022",,
"1442","PUTINZA","1510","140732","151023",,
"1443","QUINCHES","1510","140720","151024",,
"1444","QUINOCAY","1510","140721","151025",,
"1445","SAN JOAQUIN","1510","140722","151026",,
"1446","SAN PEDRO DE PILAS","1510","140723","151027",,
"1447","TANTA","1510","140724","151028",,
"1448","TAURIPAMPA","1510","140725","151029",,
"1449","TOMAS","1510","140727","151030",,
"1450","TUPE","1510","140726","151031",,
"1451","VIÑAC","1510","140728","151032",,
"1452","VITIS","1510","140729","151033",,
"1453","IQUITOS","1601","150101","160101",,
"1454","ALTO NANAY","1601","150102","160102",,
"1455","FERNANDO LORES","1601","150103","160103",,
"1456","INDIANA","1601","150110","160104",,
"1457","LAS AMAZONAS","1601","150104","160105",,
"1458","MAZAN","1601","150105","160106",,
"1459","NAPO","1601","150106","160107",,
"1460","PUNCHANA","1601","150111","160108",,
"1461","TORRES CAUSANA","1601","150108","160110",,
"1462","BELEN","1601","150112","160112",,
"1463","SAN JUAN BAUTISTA","1601","150113","160113",,
"1464","YURIMAGUAS","1602","150201","160201",,
"1465","BALSAPUERTO","1602","150202","160202",,
"1466","JEBEROS","1602","150205","160205",,
"1467","LAGUNAS","1602","150206","160206",,
"1468","SANTA CRUZ","1602","150210","160210",,
"1469","TENIENTE CESAR LOPEZ ROJAS","1602","150211","160211",,
"1470","NAUTA","1603","150301","160301",,
"1471","PARINARI","1603","150302","160302",,
"1472","TIGRE","1603","150303","160303",,
"1473","TROMPETEROS","1603","150305","160304",,
"1474","URARINAS","1603","150304","160305",,
"1475","RAMON CASTILLA","1604","150601","160401",,
"1476","PEBAS","1604","150602","160402",,
"1477","YAVARI","1604","150603","160403",,
"1478","SAN PABLO","1604","150604","160404",,
"1479","REQUENA","1605","150401","160501",,
"1480","ALTO TAPICHE","1605","150402","160502",,
"1481","CAPELO","1605","150403","160503",,
"1482","EMILIO SAN MARTIN","1605","150404","160504",,
"1483","MAQUIA","1605","150405","160505",,
"1484","PUINAHUA","1605","150406","160506",,
"1485","SAQUENA","1605","150407","160507",,
"1486","SOPLIN","1605","150408","160508",,
"1487","TAPICHE","1605","150409","160509",,
"1488","JENARO HERRERA","1605","150410","160510",,
"1489","YAQUERANA","1605","150411","160511",,
"1490","CONTAMANA","1606","150501","160601",,
"1491","INAHUAYA","1606","150506","160602",,
"1492","PADRE MARQUEZ","1606","150503","160603",,
"1493","PAMPA HERMOSA","1606","150504","160604",,
"1494","SARAYACU","1606","150505","160605",,
"1495","VARGAS GUERRA","1606","150502","160606",,
"1496","BARRANCA","1607","150701","160701",,
"1497","CAHUAPANAS","1607","150703","160702",,
"1498","MANSERICHE","1607","150704","160703",,
"1499","MORONA","1607","150705","160704",,
"1500","PASTAZA","1607","150706","160705",,
"1501","ANDOAS","1607","150702","160706",,
"1502","PUTUMAYO","1608","150901","160801",,
"1503","ROSA PANDURO","1608","150902","160802",,
"1504","TENIENTE MANUEL CLAVERO","1608","150903","160803",,
"1505","YAGUAS","1608","150904","160804",,
"1506","TAMBOPATA","1701","160101","170101",,
"1507","INAMBARI","1701","160102","170102",,
"1508","LAS PIEDRAS","1701","160103","170103",,
"1509","LABERINTO","1701","160104","170104",,
"1510","MANU","1702","160201","170201",,
"1511","FITZCARRALD","1702","160202","170202",,
"1512","MADRE DE DIOS","1702","160203","170203",,
"1513","HUEPETUHE","1702","160204","170204",,
"1514","IÑAPARI","1703","160301","170301",,
"1515","IBERIA","1703","160302","170302",,
"1516","TAHUAMANU","1703","160303","170303",,
"1517","MOQUEGUA","1801","170101","180101",,
"1518","CARUMAS","1801","170102","180102",,
"1519","CUCHUMBAYA","1801","170103","180103",,
"1520","SAMEGUA","1801","170106","180104",,
"1521","SAN CRISTOBAL","1801","170104","180105",,
"1522","TORATA","1801","170105","180106",,
"1523","OMATE","1802","170201","180201",,
"1524","CHOJATA","1802","170203","180202",,
"1525","COALAQUE","1802","170202","180203",,
"1526","ICHUÑA","1802","170204","180204",,
"1527","LA CAPILLA","1802","170205","180205",,
"1528","LLOQUE","1802","170206","180206",,
"1529","MATALAQUE","1802","170207","180207",,
"1530","PUQUINA","1802","170208","180208",,
"1531","QUINISTAQUILLAS","1802","170209","180209",,
"1532","UBINAS","1802","170210","180210",,
"1533","YUNGA","1802","170211","180211",,
"1534","ILO","1803","170301","180301",,
"1535","EL ALGARROBAL","1803","170302","180302",,
"1536","PACOCHA","1803","170303","180303",,
"1537","CHAUPIMARCA","1901","180101","190101",,
"1538","HUACHON","1901","180103","190102",,
"1539","HUARIACA","1901","180104","190103",,
"1540","HUAYLLAY","1901","180105","190104",,
"1541","NINACACA","1901","180106","190105",,
"1542","PALLANCHACRA","1901","180107","190106",,
"1543","PAUCARTAMBO","1901","180108","190107",,
"1544","SAN FRANCISCO DE ASIS DE YARUSYACAN","1901","180109","190108",,
"1545","SIMON BOLIVAR","1901","180110","190109",,
"1546","TICLACAYAN","1901","180111","190110",,
"1547","TINYAHUARCO","1901","180112","190111",,
"1548","VICCO","1901","180113","190112",,
"1549","YANACANCHA","1901","180114","190113",,
"1550","YANAHUANCA","1902","180201","190201",,
"1551","CHACAYAN","1902","180202","190202",,
"1552","GOYLLARISQUIZGA","1902","180203","190203",,
"1553","PAUCAR","1902","180204","190204",,
"1554","SAN PEDRO DE PILLAO","1902","180205","190205",,
"1555","SANTA ANA DE TUSI","1902","180206","190206",,
"1556","TAPUC","1902","180207","190207",,
"1557","VILCABAMBA","1902","180208","190208",,
"1558","OXAPAMPA","1903","180301","190301",,
"1559","CHONTABAMBA","1903","180302","190302",,
"1560","HUANCABAMBA","1903","180303","190303",,
"1561","PALCAZU","1903","180307","190304",,
"1562","POZUZO","1903","180306","190305",,
"1563","PUERTO BERMUDEZ","1903","180304","190306",,
"1564","VILLA RICA","1903","180305","190307",,
"1565","CONSTITUCION","1903","180308","190308",,
"1566","PIURA","2001","190101","200101",,
"1567","CASTILLA","2001","190103","200104",,
"1568","CATACAOS","2001","190104","200105",,
"1569","CURA MORI","2001","190113","200107",,
"1570","EL TALLAN","2001","190114","200108",,
"1571","LA ARENA","2001","190105","200109",,
"1572","LA UNION","2001","190106","200110",,
"1573","LAS LOMAS","2001","190107","200111",,
"1574","TAMBO GRANDE","2001","190109","200114",,
"1575","VEINTISEIS DE OCTUBRE","2001","190115","200115",,
"1576","AYABACA","2002","190201","200201",,
"1577","FRIAS","2002","190202","200202",,
"1578","JILILI","2002","190209","200203",,
"1579","LAGUNAS","2002","190203","200204",,
"1580","MONTERO","2002","190204","200205",,
"1581","PACAIPAMPA","2002","190205","200206",,
"1582","PAIMAS","2002","190210","200207",,
"1583","SAPILLICA","2002","190206","200208",,
"1584","SICCHEZ","2002","190207","200209",,
"1585","SUYO","2002","190208","200210",,
"1586","HUANCABAMBA","2003","190301","200301",,
"1587","CANCHAQUE","2003","190302","200302",,
"1588","EL CARMEN DE LA FRONTERA","2003","190306","200303",,
"1589","HUARMACA","2003","190303","200304",,
"1590","LALAQUIZ","2003","190308","200305",,
"1591","SAN MIGUEL DE EL FAIQUE","2003","190307","200306",,
"1592","SONDOR","2003","190304","200307",,
"1593","SONDORILLO","2003","190305","200308",,
"1594","CHULUCANAS","2004","190401","200401",,
"1595","BUENOS AIRES","2004","190402","200402",,
"1596","CHALACO","2004","190403","200403",,
"1597","LA MATANZA","2004","190408","200404",,
"1598","MORROPON","2004","190404","200405",,
"1599","SALITRAL","2004","190405","200406",,
"1600","SAN JUAN DE BIGOTE","2004","190410","200407",,
"1601","SANTA CATALINA DE MOSSA","2004","190406","200408",,
"1602","SANTO DOMINGO","2004","190407","200409",,
"1603","YAMANGO","2004","190409","200410",,
"1604","PAITA","2005","190501","200501",,
"1605","AMOTAPE","2005","190502","200502",,
"1606","ARENAL","2005","190503","200503",,
"1607","COLAN","2005","190505","200504",,
"1608","LA HUACA","2005","190504","200505",,
"1609","TAMARINDO","2005","190506","200506",,
"1610","VICHAYAL","2005","190507","200507",,
"1611","SULLANA","2006","190601","200601",,
"1612","BELLAVISTA","2006","190602","200602",,
"1613","IGNACIO ESCUDERO","2006","190608","200603",,
"1614","LANCONES","2006","190603","200604",,
"1615","MARCAVELICA","2006","190604","200605",,
"1616","MIGUEL CHECA","2006","190605","200606",,
"1617","QUERECOTILLO","2006","190606","200607",,
"1618","SALITRAL","2006","190607","200608",,
"1619","PARIÑAS","2007","190701","200701",,
"1620","EL ALTO","2007","190702","200702",,
"1621","LA BREA","2007","190703","200703",,
"1622","LOBITOS","2007","190704","200704",,
"1623","LOS ORGANOS","2007","190706","200705",,
"1624","MANCORA","2007","190705","200706",,
"1625","SECHURA","2008","190801","200801",,
"1626","BELLAVISTA DE LA UNION","2008","190804","200802",,
"1627","BERNAL","2008","190803","200803",,
"1628","CRISTO NOS VALGA","2008","190805","200804",,
"1629","VICE","2008","190802","200805",,
"1630","RINCONADA LLICUAR","2008","190806","200806",,
"1631","PUNO","2101","200101","210101",,
"1632","ACORA","2101","200102","210102",,
"1633","AMANTANI","2101","200115","210103",,
"1634","ATUNCOLLA","2101","200103","210104",,
"1635","CAPACHICA","2101","200104","210105",,
"1636","CHUCUITO","2101","200106","210106",,
"1637","COATA","2101","200105","210107",,
"1638","HUATA","2101","200107","210108",,
"1639","MAÑAZO","2101","200108","210109",,
"1640","PAUCARCOLLA","2101","200109","210110",,
"1641","PICHACANI","2101","200110","210111",,
"1642","PLATERIA","2101","200114","210112",,
"1643","SAN ANTONIO","2101","200111","210113",,
"1644","TIQUILLACA","2101","200112","210114",,
"1645","VILQUE","2101","200113","210115",,
"1646","AZANGARO","2102","200201","210201",,
"1647","ACHAYA","2102","200202","210202",,
"1648","ARAPA","2102","200203","210203",,
"1649","ASILLO","2102","200204","210204",,
"1650","CAMINACA","2102","200205","210205",,
"1651","CHUPA","2102","200206","210206",,
"1652","JOSE DOMINGO CHOQUEHUANCA","2102","200207","210207",,
"1653","MUÑANI","2102","200208","210208",,
"1654","POTONI","2102","200210","210209",,
"1655","SAMAN","2102","200212","210210",,
"1656","SAN ANTON","2102","200213","210211",,
"1657","SAN JOSE","2102","200214","210212",,
"1658","SAN JUAN DE SALINAS","2102","200215","210213",,
"1659","SANTIAGO DE PUPUJA","2102","200216","210214",,
"1660","TIRAPATA","2102","200217","210215",,
"1661","MACUSANI","2103","200301","210301",,
"1662","AJOYANI","2103","200302","210302",,
"1663","AYAPATA","2103","200303","210303",,
"1664","COASA","2103","200304","210304",,
"1665","CORANI","2103","200305","210305",,
"1666","CRUCERO","2103","200306","210306",,
"1667","ITUATA","2103","200307","210307",,
"1668","OLLACHEA","2103","200308","210308",,
"1669","SAN GABAN","2103","200309","210309",,
"1670","USICAYOS","2103","200310","210310",,
"1671","JULI","2104","200401","210401",,
"1672","DESAGUADERO","2104","200402","210402",,
"1673","HUACULLANI","2104","200403","210403",,
"1674","KELLUYO","2104","200412","210404",,
"1675","PISACOMA","2104","200406","210405",,
"1676","POMATA","2104","200407","210406",,
"1677","ZEPITA","2104","200410","210407",,
"1678","ILAVE","2105","201201","210501",,
"1679","CAPAZO","2105","201204","210502",,
"1680","PILCUYO","2105","201202","210503",,
"1681","SANTA ROSA","2105","201203","210504",,
"1682","CONDURIRI","2105","201205","210505",,
"1683","HUANCANE","2106","200501","210601",,
"1684","COJATA","2106","200502","210602",,
"1685","HUATASANI","2106","200511","210603",,
"1686","INCHUPALLA","2106","200504","210604",,
"1687","PUSI","2106","200506","210605",,
"1688","ROSASPATA","2106","200507","210606",,
"1689","TARACO","2106","200508","210607",,
"1690","VILQUE CHICO","2106","200509","210608",,
"1691","LAMPA","2107","200601","210701",,
"1692","CABANILLA","2107","200602","210702",,
"1693","CALAPUJA","2107","200603","210703",,
"1694","NICASIO","2107","200604","210704",,
"1695","OCUVIRI","2107","200605","210705",,
"1696","PALCA","2107","200606","210706",,
"1697","PARATIA","2107","200607","210707",,
"1698","PUCARA","2107","200608","210708",,
"1699","SANTA LUCIA","2107","200609","210709",,
"1700","VILAVILA","2107","200610","210710",,
"1701","AYAVIRI","2108","200701","210801",,
"1702","ANTAUTA","2108","200702","210802",,
"1703","CUPI","2108","200703","210803",,
"1704","LLALLI","2108","200704","210804",,
"1705","MACARI","2108","200705","210805",,
"1706","NUÑOA","2108","200706","210806",,
"1707","ORURILLO","2108","200707","210807",,
"1708","SANTA ROSA","2108","200708","210808",,
"1709","UMACHIRI","2108","200709","210809",,
"1710","MOHO","2109","201301","210901",,
"1711","CONIMA","2109","201302","210902",,
"1712","HUAYRAPATA","2109","201304","210903",,
"1713","TILALI","2109","201303","210904",,
"1714","PUTINA","2110","201101","211001",,
"1715","ANANEA","2110","201104","211002",,
"1716","PEDRO VILCA APAZA","2110","201102","211003",,
"1717","QUILCAPUNCU","2110","201103","211004",,
"1718","SINA","2110","201105","211005",,
"1719","JULIACA","2111","200901","211101",,
"1720","CABANA","2111","200902","211102",,
"1721","CABANILLAS","2111","200903","211103",,
"1722","CARACOTO","2111","200904","211104",,
"1723","SAN MIGUEL","2111","200905","211105",,
"1724","SANDIA","2112","200801","211201",,
"1725","CUYOCUYO","2112","200803","211202",,
"1726","LIMBANI","2112","200804","211203",,
"1727","PATAMBUCO","2112","200806","211204",,
"1728","PHARA","2112","200805","211205",,
"1729","QUIACA","2112","200807","211206",,
"1730","SAN JUAN DEL ORO","2112","200808","211207",,
"1731","YANAHUAYA","2112","200810","211208",,
"1732","ALTO INAMBARI","2112","200811","211209",,
"1733","SAN PEDRO DE PUTINA PUNCO","2112","200812","211210",,
"1734","YUNGUYO","2113","201001","211301",,
"1735","ANAPIA","2113","201003","211302",,
"1736","COPANI","2113","201004","211303",,
"1737","CUTURAPI","2113","201005","211304",,
"1738","OLLARAYA","2113","201006","211305",,
"1739","TINICACHI","2113","201007","211306",,
"1740","UNICACHI","2113","201002","211307",,
"1741","MOYOBAMBA","2201","210101","220101",,
"1742","CALZADA","2201","210102","220102",,
"1743","HABANA","2201","210103","220103",,
"1744","JEPELACIO","2201","210104","220104",,
"1745","SORITOR","2201","210105","220105",,
"1746","YANTALO","2201","210106","220106",,
"1747","BELLAVISTA","2202","210701","220201",,
"1748","ALTO BIAVO","2202","210704","220202",,
"1749","BAJO BIAVO","2202","210706","220203",,
"1750","HUALLAGA","2202","210705","220204",,
"1751","SAN PABLO","2202","210703","220205",,
"1752","SAN RAFAEL","2202","210702","220206",,
"1753","SAN JOSE DE SISA","2203","211001","220301",,
"1754","AGUA BLANCA","2203","211002","220302",,
"1755","SAN MARTIN","2203","211004","220303",,
"1756","SANTA ROSA","2203","211005","220304",,
"1757","SHATOJA","2203","211003","220305",,
"1758","SAPOSOA","2204","210201","220401",,
"1759","ALTO SAPOSOA","2204","210205","220402",,
"1760","EL ESLABON","2204","210206","220403",,
"1761","PISCOYACU","2204","210202","220404",,
"1762","SACANCHE","2204","210203","220405",,
"1763","TINGO DE SAPOSOA","2204","210204","220406",,
"1764","LAMAS","2205","210301","220501",,
"1765","ALONSO DE ALVARADO","2205","210315","220502",,
"1766","BARRANQUITA","2205","210303","220503",,
"1767","CAYNARACHI","2205","210304","220504",,
"1768","CUÑUMBUQUI","2205","210305","220505",,
"1769","PINTO RECODO","2205","210306","220506",,
"1770","RUMISAPA","2205","210307","220507",,
"1771","SAN ROQUE DE CUMBAZA","2205","210316","220508",,
"1772","SHANAO","2205","210311","220509",,
"1773","TABALOSOS","2205","210313","220510",,
"1774","ZAPATERO","2205","210314","220511",,
"1775","JUANJUI","2206","210401","220601",,
"1776","CAMPANILLA","2206","210402","220602",,
"1777","HUICUNGO","2206","210403","220603",,
"1778","PACHIZA","2206","210404","220604",,
"1779","PAJARILLO","2206","210405","220605",,
"1780","PICOTA","2207","210901","220701",,
"1781","BUENOS AIRES","2207","210902","220702",,
"1782","CASPISAPA","2207","210903","220703",,
"1783","PILLUANA","2207","210904","220704",,
"1784","PUCACACA","2207","210905","220705",,
"1785","SAN CRISTOBAL","2207","210906","220706",,
"1786","SAN HILARION","2207","210907","220707",,
"1787","SHAMBOYACU","2207","210910","220708",,
"1788","TINGO DE PONASA","2207","210908","220709",,
"1789","TRES UNIDOS","2207","210909","220710",,
"1790","RIOJA","2208","210501","220801",,
"1791","AWAJUN","2208","210509","220802",,
"1792","ELIAS SOPLIN VARGAS","2208","210506","220803",,
"1793","NUEVA CAJAMARCA","2208","210505","220804",,
"1794","PARDO MIGUEL","2208","210508","220805",,
"1795","POSIC","2208","210502","220806",,
"1796","SAN FERNANDO","2208","210507","220807",,
"1797","YORONGOS","2208","210503","220808",,
"1798","YURACYACU","2208","210504","220809",,
"1799","TARAPOTO","2209","210601","220901",,
"1800","ALBERTO LEVEAU","2209","210602","220902",,
"1801","CACATACHI","2209","210604","220903",,
"1802","CHAZUTA","2209","210606","220904",,
"1803","CHIPURANA","2209","210607","220905",,
"1804","EL PORVENIR","2209","210608","220906",,
"1805","HUIMBAYOC","2209","210609","220907",,
"1806","JUAN GUERRA","2209","210610","220908",,
"1807","LA BANDA DE SHILCAYO","2209","210621","220909",,
"1808","MORALES","2209","210611","220910",,
"1809","PAPAPLAYA","2209","210612","220911",,
"1810","SAN ANTONIO","2209","210616","220912",,
"1811","SAUCE","2209","210619","220913",,
"1812","SHAPAJA","2209","210620","220914",,
"1813","TOCACHE","2210","210801","221001",,
"1814","NUEVO PROGRESO","2210","210802","221002",,
"1815","POLVORA","2210","210803","221003",,
"1816","SHUNTE","2210","210804","221004",,
"1817","UCHIZA","2210","210805","221005",,
"1818","TACNA","2301","220101","230101",,
"1819","ALTO DE LA ALIANZA","2301","220111","230102",,
"1820","CALANA","2301","220102","230103",,
"1821","CIUDAD NUEVA","2301","220112","230104",,
"1822","INCLAN","2301","220104","230105",,
"1823","PACHIA","2301","220107","230106",,
"1824","PALCA","2301","220108","230107",,
"1825","POCOLLAY","2301","220109","230108",,
"1826","SAMA","2301","220110","230109",,
"1827","CORONEL GREGORIO ALBARRACIN LANCHIP","2301","220113","230110",,
"1828","LA YARADA LOS PALOS","2301","220114","230111",,
"1829","CANDARAVE","2302","220401","230201",,
"1830","CAIRANI","2302","220402","230202",,
"1831","CAMILACA","2302","220406","230203",,
"1832","CURIBAYA","2302","220403","230204",,
"1833","HUANUARA","2302","220404","230205",,
"1834","QUILAHUANI","2302","220405","230206",,
"1835","LOCUMBA","2303","220301","230301",,
"1836","ILABAYA","2303","220303","230302",,
"1837","ITE","2303","220302","230303",,
"1838","TARATA","2304","220201","230401",,
"1839","CHUCATAMANI","2304","220205","230402",,
"1840","ESTIQUE","2304","220206","230403",,
"1841","ESTIQUE-PAMPA","2304","220207","230404",,
"1842","SITAJARA","2304","220210","230405",,
"1843","SUSAPAYA","2304","220211","230406",,
"1844","TARUCACHI","2304","220212","230407",,
"1845","TICACO","2304","220213","230408",,
"1846","TUMBES","2401","230101","240101",,
"1847","CORRALES","2401","230102","240102",,
"1848","LA CRUZ","2401","230103","240103",,
"1849","PAMPAS DE HOSPITAL","2401","230104","240104",,
"1850","SAN JACINTO","2401","230105","240105",,
"1851","SAN JUAN DE LA VIRGEN","2401","230106","240106",,
"1852","ZORRITOS","2402","230201","240201",,
"1853","CASITAS","2402","230202","240202",,
"1854","CANOAS DE PUNTA SAL","2402","230203","240203",,
"1855","ZARUMILLA","2403","230301","240301",,
"1856","AGUAS VERDES","2403","230304","240302",,
"1857","MATAPALO","2403","230302","240303",,
"1858","PAPAYAL","2403","230303","240304",,
"1859","CALLERIA","2501","250101","250101",,
"1860","CAMPOVERDE","2501","250104","250102",,
"1861","IPARIA","2501","250105","250103",,
"1862","MASISEA","2501","250103","250104",,
"1863","YARINACOCHA","2501","250102","250105",,
"1864","NUEVA REQUENA","2501","250106","250106",,
"1865","MANANTAY","2501","250107","250107",,
"1866","RAYMONDI","2502","250301","250201",,
"1867","SEPAHUA","2502","250304","250202",,
"1868","TAHUANIA","2502","250302","250203",,
"1869","YURUA","2502","250303","250204",,
"1870","PADRE ABAD","2503","250201","250301",,
"1871","IRAZOLA","2503","250202","250302",,
"1872","CURIMANA","2503","250203","250303",,
"1873","NESHUYA","2503","250204","250304",,
"1874","ALEXANDER VON HUMBOLDT","2503","250205","250305",,
"1875","PURUS","2504","250401","250401",,
"1876","PUTIS","504","050314","050413",,
"1877","UNION PROGRESO","505","050412","050512",,
"1878","RIO MAGDALENA","505","050415","050513",,
"1879","NINABAMBA","505","050414","050514",,
"1880","PATIBAMBA","505","050413","050515",,
"1881","HUIPOCA","2503","250207","250306",,
"1882","BOQUERON","2503","250206","250307",,
"1883","SAN ANTONIO","1801","170107","180199",,
"1884","LAMBRAS","907","080533","090724",,
"1885","COCHABAMBA","907","080534","090725",,
"1886","SANTA MARIA DE HUACHIPA","1501",,"150144",,
"1887","KUMPIRUSHIATO","809","070916","080915",,
"1888","CIELO PUNCO","809","070917","080916",,
"1889","MANITEA","809","070918","080917",,
"1890","UNION ASHÁNINKA","809","070919","080918",,
"1891","AHUAYRO","306","030712","030612",,
"1892","SANTA LUCIA","2210","210806","221006",,
"1893","PUTUMAYO","1601","150107","160109",,
"1894","TENIENTE MANUEL CLAVERO","1601","150114","160114",,
